0	2	0.4	0.0	0.0	0	0	255	0.0	0.0	0.0	255	0	0	
1	2	0.4	2.5E-6	0.0	0	0	255	0.0	-1.25E-7	0.0	255	0	0	
2	2	0.39984408	0.012500793	0.0	0	0	255	7.812832E-6	-6.250592E-4	0.0	255	0	0	
3	2	0.39937657	0.024988644	0.0	0	0	255	3.1235955E-5	-0.0012494442	0.0	255	0	0	
4	2	0.3985981	0.03745635	0.0	0	0	255	7.0231996E-5	-0.0018728346	0.0	255	0	0	
5	2	0.3975097	0.049893048	0.0	0	0	255	1.2473942E-4	-0.0024947312	0.0	255	0	0	
6	2	0.39611283	0.06228934	0.0	0	0	255	1.9467268E-4	-0.0031145585	0.0	255	0	0	
7	2	0.3944094	0.07463654	0.0	0	0	255	2.79922E-4	-0.0037318096	0.0	255	0	0	
8	2	0.39240175	0.08692072	0.0	0	0	255	3.8035426E-4	-0.0043461057	0.0	255	0	0	
9	2	0.39009282	0.09913643	0.0	0	0	255	4.95814E-4	-0.0049570464	0.0	255	0	0	
10	2	0.38748595	0.11127362	0.0	0	0	255	6.261263E-4	-0.005563757	0.0	255	0	0	
11	2	0.3845851	0.1233203	0.0	0	0	255	7.710908E-4	-0.0061661396	0.0	255	0	0	
12	2	0.3813948	0.1352729	0.0	0	0	255	9.304906E-4	-0.006763728	0.0	255	0	0	
13	2	0.37792018	0.14711608	0.0	0	0	255	0.0011040894	-0.0073558413	0.0	255	0	0	
14	2	0.37416723	0.15884799	0.0	0	0	255	0.0012916364	-0.007942223	0.0	255	0	0	
15	2	0.37014267	0.17045283	0.0	0	0	255	0.001492857	-0.008522444	0.0	255	0	0	
16	2	0.3658541	0.18193084	0.0	0	0	255	0.0017074699	-0.009096698	0.0	255	0	0	
17	2	0.3613038	0.19327188	0.0	0	0	255	0.0019351726	-0.009663362	0.0	255	0	0	
18	2	0.3564868	0.20446807	0.0	0	0	255	0.0021756573	-0.010223407	0.0	255	0	0	
19	2	0.3514296	0.2155125	0.0	0	0	255	0.002428588	-0.010775502	0.0	255	0	0	
20	2	0.34613246	0.2263996	0.0	0	0	255	0.0026936643	-0.011319816	0.0	255	0	0	
21	2	0.34058905	0.23712477	0.0	0	0	255	0.0029705116	-0.01185614	0.0	255	0	0	
22	2	0.33483303	0.24768399	0.0	0	0	255	0.0032587843	-0.012384085	0.0	255	0	0	
23	2	0.32883638	0.25806317	0.0	0	0	255	0.0035581521	-0.012903254	0.0	255	0	0	
24	2	0.32263985	0.26826766	0.0	0	0	255	0.0038682288	-0.013413377	0.0	255	0	0	
25	2	0.31623113	0.27829614	0.0	0	0	255	0.0041886475	-0.013914419	0.0	255	0	0	
26	2	0.30961728	0.28812915	0.0	0	0	255	0.0045190724	-0.014406156	0.0	255	0	0	
27	2	0.30282083	0.29776555	0.0	0	0	255	0.0048591006	-0.014888391	0.0	255	0	0	
28	2	0.29584548	0.30721775	0.0	0	0	255	0.005208376	-0.0153607745	0.0	255	0	0	
29	2	0.2886757	0.31647673	0.0	0	0	255	0.0055664964	-0.015822642	0.0	255	0	0	
30	2	0.281338	0.3255196	0.0	0	0	255	0.005933168	-0.016275205	0.0	255	0	0	
31	2	0.27384004	0.33437464	0.0	0	0	255	0.006307953	-0.016717723	0.0	255	0	0	
32	2	0.2661879	0.3430221	0.0	0	0	255	0.006690566	-0.017150128	0.0	255	0	0	
33	2	0.25838855	0.3514572	0.0	0	0	255	0.007080562	-0.017572325	0.0	255	0	0	
34	2	0.25044993	0.3597013	0.0	0	0	255	0.0074776188	-0.01798429	0.0	255	0	0	
35	2	0.24237087	0.3677157	0.0	0	0	255	0.007881106	-0.018385958	0.0	255	0	0	
36	2	0.23416717	0.3755326	0.0	0	0	255	0.008291383	-0.01877641	0.0	255	0	0	
37	2	0.22584979	0.3831397	0.0	0	0	255	0.008707657	-0.019156346	0.0	255	0	0	
38	2	0.2174073	0.39052945	0.0	0	0	255	0.009129425	-0.019525936	0.0	255	0	0	
39	2	0.20886703	0.39772624	0.0	0	0	255	0.009556489	-0.019885177	0.0	255	0	0	
40	2	0.20022218	0.40468627	0.0	0	0	255	0.009988625	-0.02023407	0.0	255	0	0	
41	2	0.19148068	0.41145426	0.0	0	0	255	0.010425568	-0.020572616	0.0	255	0	0	
42	2	0.18265374	0.41800654	0.0	0	0	255	0.010867007	-0.020900814	0.0	255	0	0	
43	2	0.17374544	0.42434737	0.0	0	0	255	0.011312572	-0.021218663	0.0	255	0	0	
44	2	0.16476054	0.43049306	0.0	0	0	255	0.011761779	-0.0215253	0.0	255	0	0	
45	2	0.15570472	0.43640858	0.0	0	0	255	0.012214049	-0.021821538	0.0	255	0	0	
46	2	0.1465861	0.44213325	0.0	0	0	255	0.012670397	-0.022107545	0.0	255	0	0	
47	2	0.13741408	0.447648	0.0	0	0	255	0.013129558	-0.02238334	0.0	255	0	0	
48	2	0.12817536	0.45295215	0.0	0	0	255	0.013590563	-0.022649022	0.0	255	0	0	
49	2	0.11890337	0.45806792	0.0	0	0	255	0.014055464	-0.022904592	0.0	255	0	0	
50	2	0.10957645	0.46296704	0.0	0	0	255	0.014521126	-0.023150157	0.0	255	0	0	
51	2	0.100211024	0.46766904	0.0	0	0	255	0.014989829	-0.02338576	0.0	255	0	0	
52	2	0.09081212	0.47218522	0.0	0	0	255	0.015460147	-0.023611464	0.0	255	0	0	
53	2	0.08138713	0.47648966	0.0	0	0	255	0.01593349	-0.023827342	0.0	255	0	0	
54	2	0.07192503	0.48060107	0.0	0	0	255	0.016408464	-0.024033472	0.0	255	0	0	
55	2	0.06245317	0.48452938	0.0	0	0	255	0.016883438	-0.024229936	0.0	255	0	0	
56	2	0.052958388	0.48826495	0.0	0	0	255	0.017358413	-0.024416827	0.0	255	0	0	
57	2	0.043453116	0.49179935	0.0	0	0	255	0.017833387	-0.02459423	0.0	255	0	0	
58	2	0.033935	0.4951547	0.0	0	0	255	0.018308362	-0.024762247	0.0	255	0	0	
59	2	0.024414731	0.49833217	0.0	0	0	255	0.018783337	-0.024920981	0.0	255	0	0	
60	2	0.014887663	0.50133276	0.0	0	0	255	0.019258311	-0.025070537	0.0	255	0	0	
61	2	0.005365488	0.5041259	0.0	0	0	255	0.019733286	-0.025211034	0.0	255	0	0	
62	2	-0.0041518533	0.5068081	0.0	0	0	255	0.02020826	-0.025342591	0.0	255	0	0	
63	2	-0.013660807	0.50920683	0.0	0	0	255	0.020683235	-0.025465332	0.0	255	0	0	
64	2	-0.023158757	0.5115199	0.0	0	0	255	0.02115821	-0.025579393	0.0	255	0	0	
65	2	-0.032643326	0.5136061	0.0	0	0	255	0.021633184	-0.02568491	0.0	255	0	0	
66	2	-0.0421099	0.51554704	0.0	0	0	255	0.022108158	-0.025782028	0.0	255	0	0	
67	2	-0.05155785	0.5173352	0.0	0	0	255	0.022583133	-0.0258709	0.0	255	0	0	
68	2	-0.060981717	0.5189166	0.0	0	0	255	0.023058107	-0.025951687	0.0	255	0	0	
69	2	-0.07037614	0.5204067	0.0	0	0	255	0.023525927	-0.026024556	0.0	255	0	0	
70	2	-0.07974874	0.5216421	0.0	0	0	255	0.023991589	-0.026089678	0.0	255	0	0	
71	2	-0.08909232	0.5228342	0.0	0	0	255	0.02445725	-0.026145557	0.0	255	0	0	
72	2	-0.09840397	0.5237381	0.0	0	0	255	0.024922911	-0.026193807	0.0	255	0	0	
73	2	-0.1076796	0.5246243	0.0	0	0	255	0.025388572	-0.02623469	0.0	255	0	0	
74	2	-0.116917975	0.52522033	0.0	0	0	255	0.025854137	-0.026268408	0.0	255	0	0	
75	2	-0.1261149	0.52580774	0.0	0	0	255	0.026310485	-0.026295174	0.0	255	0	0	
76	2	-0.13527912	0.52610576	0.0	0	0	255	0.026766833	-0.0263138	0.0	255	0	0	
77	2	-0.14438884	0.5264038	0.0	0	0	255	0.027223181	-0.026324522	0.0	255	0	0	
78	2	-0.1534741	0.52641267	0.0	0	0	255	0.027679529	-0.026328748	0.0	255	0	0	
79	2	-0.16248931	0.52641267	0.0	0	0	255	0.028129788	-0.026326723	0.0	255	0	0	
80	2	-0.17147027	0.52616084	0.0	0	0	255	0.028576823	-0.02631741	0.0	255	0	0	
81	2	-0.18041097	0.5258628	0.0	0	0	255	0.029023858	-0.02630008	0.0	255	0	0	
82	2	-0.18927814	0.5253718	0.0	0	0	255	0.029470893	-0.02627703	0.0	255	0	0	
83	2	-0.19810468	0.52477574	0.0	0	0	255	0.02990955	-0.026248544	0.0	255	0	0	
84	2	-0.20688392	0.52406883	0.0	0	0	255	0.03034727	-0.026211292	0.0	255	0	0	
85	2	-0.2156011	0.52317476	0.0	0	0	255	0.030784993	-0.026168361	0.0	255	0	0	
86	2	-0.22425616	0.52227736	0.0	0	0	255	0.031218106	-0.026120618	0.0	255	0	0	
87	2	-0.23286106	0.52108526	0.0	0	0	255	0.031646516	-0.026064739	0.0	255	0	0	
88	2	-0.24140863	0.51989317	0.0	0	0	255	0.032074925	-0.026003206	0.0	255	0	0	
89	2	-0.2498989	0.5185349	0.0	0	0	255	0.032503333	-0.025937552	0.0	255	0	0	
90	2	-0.25832754	0.5170448	0.0	0	0	255	0.03293174	-0.025863046	0.0	255	0	0	
91	2	-0.2666722	0.5155542	0.0	0	0	255	0.03334484	-0.025784336	0.0	255	0	0	
92	2	-0.27500612	0.51376605	0.0	0	0	255	0.03375462	-0.025700517	0.0	255	0	0	
93	2	-0.28320175	0.5119779	0.0	0	0	255	0.034164403	-0.025609154	0.0	255	0	0	
94	2	-0.2913974	0.51009023	0.0	0	0	255	0.034574185	-0.025514873	0.0	255	0	0	
95	2	-0.29947585	0.50800407	0.0	0	0	255	0.034983966	-0.025412427	0.0	255	0	0	
96	2	-0.30752248	0.5059179	0.0	0	0	255	0.03539158	-0.02530637	0.0	255	0	0	
97	2	-0.31548575	0.5036701	0.0	0	0	255	0.035782736	-0.025194611	0.0	255	0	0	
98	2	-0.32338336	0.5012859	0.0	0	0	255	0.03617389	-0.025077267	0.0	255	0	0	
99	2	-0.3312175	0.49884826	0.0	0	0	255	0.036565047	-0.024956195	0.0	255	0	0	
100	2	-0.3389661	0.49631506	0.0	0	0	255	0.036956202	-0.024828069	0.0	255	0	0	
101	2	-0.3466689	0.4936542	0.0	0	0	255	0.037347358	-0.024697684	0.0	255	0	0	
102	2	-0.3542685	0.49092498	0.0	0	0	255	0.03772414	-0.024559347	0.0	255	0	0	
103	2	-0.36183187	0.48809376	0.0	0	0	255	0.03809667	-0.024419649	0.0	255	0	0	
104	2	-0.36928245	0.48515338	0.0	0	0	255	0.0384692	-0.024271693	0.0	255	0	0	
105	2	-0.3767023	0.48215738	0.0	0	0	255	0.038841728	-0.024122681	0.0	255	0	0	
106	2	-0.38400388	0.47902814	0.0	0	0	255	0.039214257	-0.023965748	0.0	255	0	0	
107	2	-0.39127472	0.47583482	0.0	0	0	255	0.039574027	-0.023807423	0.0	255	0	0	
108	2	-0.39842728	0.47255656	0.0	0	0	255	0.03992793	-0.0236422	0.0	255	0	0	
109	2	-0.405547	0.46917346	0.0	0	0	255	0.040281832	-0.023474561	0.0	255	0	0	
110	2	-0.41255054	0.4657462	0.0	0	0	255	0.040635735	-0.023301832	0.0	255	0	0	
111	2	-0.4195122	0.4621813	0.0	0	0	255	0.040989637	-0.023124881	0.0	255	0	0	
112	2	-0.42636675	0.4585922	0.0	0	0	255	0.04132935	-0.02294547	0.0	255	0	0	
113	2	-0.43317038	0.45486692	0.0	0	0	255	0.041664626	-0.022759205	0.0	255	0	0	
114	2	-0.4398759	0.4511143	0.0	0	0	255	0.041999903	-0.02257294	0.0	255	0	0	
115	2	-0.44651777	0.44724	0.0	0	0	255	0.04233518	-0.022378422	0.0	255	0	0	
116	2	-0.45307428	0.44333383	0.0	0	0	255	0.042670276	-0.022182845	0.0	255	0	0	
117	2	-0.4595496	0.43931052	0.0	0	0	255	0.042986926	-0.021983555	0.0	255	0	0	
118	2	-0.4659571	0.43526158	0.0	0	0	255	0.043303575	-0.021778664	0.0	255	0	0	
119	2	-0.47226587	0.43108925	0.0	0	0	255	0.043620225	-0.021573773	0.0	255	0	0	
120	2	-0.47852436	0.42690915	0.0	0	0	255	0.043936875	-0.021361515	0.0	255	0	0	
121	2	-0.4846666	0.4225878	0.0	0	0	255	0.044247948	-0.02114731	0.0	255	0	0	
122	2	-0.49077606	0.41826648	0.0	0	0	255	0.04454597	-0.02093261	0.0	255	0	0	
123	2	-0.4967465	0.41382053	0.0	0	0	255	0.044843994	-0.020709092	0.0	255	0	0	
124	2	-0.50270694	0.4093502	0.0	0	0	255	0.045142017	-0.020485574	0.0	255	0	0	
125	2	-0.5086107	0.40480196	0.0	0	0	255	0.04544004	-0.020260585	0.0	255	0	0	
126	2	-0.51427317	0.4001826	0.0	0	0	255	0.045724504	-0.020027755	0.0	255	0	0	
127	2	-0.5199356	0.39554772	0.0	0	0	255	0.0460039	-0.019794924	0.0	255	0	0	
128	2	-0.52559805	0.39077935	0.0	0	0	255	0.046283297	-0.019561192	0.0	255	0	0	
129	2	-0.53110164	0.38601097	0.0	0	0	255	0.046562694	-0.019319048	0.0	255	0	0	
130	2	-0.53646606	0.3811576	0.0	0	0	255	0.046839174	-0.019076904	0.0	255	0	0	
131	2	-0.5418305	0.37624022	0.0	0	0	255	0.047099944	-0.01883476	0.0	255	0	0	
132	2	-0.5471949	0.37132284	0.0	0	0	255	0.047360715	-0.018584954	0.0	255	0	0	
133	2	-0.552294	0.36627334	0.0	0	0	255	0.047621485	-0.018333497	0.0	255	0	0	
134	2	-0.5573604	0.36120695	0.0	0	0	255	0.047882255	-0.01808204	0.0	255	0	0	
135	2	-0.5624268	0.35613322	0.0	0	0	255	0.048131436	-0.017827481	0.0	255	0	0	
136	2	-0.5673935	0.35091782	0.0	0	0	255	0.04837358	-0.01756671	0.0	255	0	0	
137	2	-0.57216185	0.3457024	0.0	0	0	255	0.048615724	-0.01730594	0.0	255	0	0	
138	2	-0.5769302	0.3404807	0.0	0	0	255	0.048857868	-0.01704517	0.0	255	0	0	
139	2	-0.5816986	0.33511627	0.0	0	0	255	0.049097	-0.016779307	0.0	255	0	0	
140	2	-0.5862348	0.32975185	0.0	0	0	255	0.04932052	-0.016509224	0.0	255	0	0	
141	2	-0.59070516	0.32438743	0.0	0	0	255	0.049544036	-0.01623914	0.0	255	0	0	
142	2	-0.5951755	0.31890404	0.0	0	0	255	0.049767554	-0.015969057	0.0	255	0	0	
143	2	-0.5995792	0.3133906	0.0	0	0	255	0.04999107	-0.015695063	0.0	255	0	0	
144	2	-0.60375154	0.30787718	0.0	0	0	255	0.05020066	-0.015417586	0.0	255	0	0	
145	2	-0.60792387	0.30231646	0.0	0	0	255	0.05040555	-0.015138189	0.0	255	0	0	
146	2	-0.6120962	0.29665402	0.0	0	0	255	0.05061044	-0.014858553	0.0	255	0	0	
147	2	-0.61606944	0.29099157	0.0	0	0	255	0.050815333	-0.0145745	0.0	255	0	0	
148	2	-0.61994374	0.28532913	0.0	0	0	255	0.051014002	-0.014290446	0.0	255	0	0	
149	2	-0.62381804	0.27959284	0.0	0	0	255	0.051200267	-0.01400349	0.0	255	0	0	
150	2	-0.62765	0.2737814	0.0	0	0	255	0.05138653	-0.01371478	0.0	255	0	0	
151	2	-0.6312263	0.26796994	0.0	0	0	255	0.051572796	-0.013425858	0.0	255	0	0	
152	2	-0.6348026	0.26215848	0.0	0	0	255	0.05175906	-0.013132491	0.0	255	0	0	
153	2	-0.63837886	0.25630504	0.0	0	0	255	0.051928185	-0.012839125	0.0	255	0	0	
154	2	-0.64176583	0.25034457	0.0	0	0	255	0.052095823	-0.012544431	0.0	255	0	0	
155	2	-0.6450441	0.24438411	0.0	0	0	255	0.05226346	-0.012246408	0.0	255	0	0	
156	2	-0.64832234	0.23842365	0.0	0	0	255	0.0524311	-0.011948384	0.0	255	0	0	
157	2	-0.6515624	0.23240715	0.0	0	0	255	0.052589305	-0.011648994	0.0	255	0	0	
158	2	-0.6545426	0.22637218	0.0	0	0	255	0.052738316	-0.011346314	0.0	255	0	0	
159	2	-0.65752286	0.22032349	0.0	0	0	255	0.052887328	-0.011043634	0.0	255	0	0	
160	2	-0.6605031	0.21421401	0.0	0	0	255	0.05303634	-0.010740935	0.0	255	0	0	
161	2	-0.66329813	0.20810454	0.0	0	0	255	0.05318272	-0.010433598	0.0	255	0	0	
162	2	-0.66598034	0.2019659	0.0	0	0	255	0.053313106	-0.010126262	0.0	255	0	0	
163	2	-0.66866255	0.19578192	0.0	0	0	255	0.05344349	-0.0098189255	0.0	255	0	0	
164	2	-0.6713106	0.18959793	0.0	0	0	255	0.053573877	-0.009510126	0.0	255	0	0	
165	2	-0.6736948	0.1833907	0.0	0	0	255	0.05370426	-0.009198133	0.0	255	0	0	
166	2	-0.676079	0.17713222	0.0	0	0	255	0.053819742	-0.00888614	0.0	255	0	0	
167	2	-0.67846316	0.17087373	0.0	0	0	255	0.0539315	-0.008574147	0.0	255	0	0	
168	2	-0.6806662	0.16461524	0.0	0	0	255	0.05404326	-0.008261862	0.0	255	0	0	
169	2	-0.6827524	0.15829304	0.0	0	0	255	0.05415502	-0.007945213	0.0	255	0	0	
170	2	-0.68483853	0.15196005	0.0	0	0	255	0.054258876	-0.007628563	0.0	255	0	0	
171	2	-0.68689424	0.14562705	0.0	0	0	255	0.054352008	-0.007311913	0.0	255	0	0	
172	2	-0.6886824	0.13929406	0.0	0	0	255	0.05444514	-0.0069945343	0.0	255	0	0	
173	2	-0.6904705	0.13290468	0.0	0	0	255	0.054538272	-0.0066755563	0.0	255	0	0	
174	2	-0.69225866	0.12649718	0.0	0	0	255	0.05463007	-0.0063565783	0.0	255	0	0	
175	2	-0.69386226	0.12008968	0.0	0	0	255	0.054704577	-0.006036714	0.0	255	0	0	
176	2	-0.6953524	0.11367971	0.0	0	0	255	0.054779083	-0.005715408	0.0	255	0	0	
177	2	-0.6968425	0.107234955	0.0	0	0	255	0.05485359	-0.0053941016	0.0	255	0	0	
178	2	-0.698292	0.1007902	0.0	0	0	255	0.054928094	-0.0050727953	0.0	255	0	0	
179	2	-0.6994841	0.094342306	0.0	0	0	255	0.054988954	-0.004749416	0.0	255	0	0	
180	2	-0.7006762	0.0878603	0.0	0	0	255	0.055044834	-0.0044257813	0.0	255	0	0	
181	2	-0.7018683	0.081378296	0.0	0	0	255	0.055100713	-0.0041021467	0.0	255	0	0	
182	2	-0.7028657	0.07489629	0.0	0	0	255	0.055156592	-0.0037780525	0.0	255	0	0	
183	2	-0.7037598	0.06840129	0.0	0	0	255	0.05520541	-0.0034532538	0.0	255	0	0	
184	2	-0.70465386	0.061882034	0.0	0	0	255	0.05524266	-0.003128455	0.0	255	0	0	
185	2	-0.7054972	0.055362776	0.0	0	0	255	0.055279914	-0.0028025291	0.0	255	0	0	
186	2	-0.70609325	0.048843518	0.0	0	0	255	0.055317167	-0.0024765662	0.0	255	0	0	
187	2	-0.7066893	0.04232163	0.0	0	0	255	0.055353988	-0.0021506033	0.0	255	0	0	
188	2	-0.70728534	0.035783745	0.0	0	0	255	0.055372614	-0.001824411	0.0	255	0	0	
189	2	-0.70767635	0.02924586	0.0	0	0	255	0.05539124	-0.001497866	0.0	255	0	0	
190	2	-0.7079744	0.022707976	0.0	0	0	255	0.055409867	-0.001171321	0.0	255	0	0	
191	2	-0.7082724	0.016167955	0.0	0	0	255	0.055428494	-8.444354E-4	0.0	255	0	0	
192	2	-0.70850784	0.00962396	0.0	0	0	255	0.055434547	-5.173702E-4	0.0	255	0	0	
193	2	-0.70850784	0.0030784463	0.0	0	0	255	0.055434547	-1.9036375E-4	0.0	255	0	0	
194	2	-0.70850784	-0.003466749	0.0	0	0	255	0.055434547	1.3667018E-4	0.0	255	0	0	
195	2	-0.70850784	-0.010012401	0.0	0	0	255	0.055434547	4.6367562E-4	0.0	255	0	0	
196	2	-0.70829	-0.01655645	0.0	0	0	255	0.055428468	7.9071586E-4	0.0	255	0	0	
197	2	-0.70799196	-0.023096021	0.0	0	0	255	0.05540984	0.0011175257	0.0	255	0	0	
198	2	-0.70769393	-0.029633906	0.0	0	0	255	0.055391215	0.0014440707	0.0	255	0	0	
199	2	-0.70732063	-0.03617179	0.0	0	0	255	0.05537259	0.0017706157	0.0	255	0	0	
200	2	-0.7067246	-0.042709675	0.0	0	0	255	0.055353962	0.002096904	0.0	255	0	0	
201	2	-0.70612854	-0.049230672	0.0	0	0	255	0.055317115	0.0024228669	0.0	255	0	0	
202	2	-0.7055325	-0.05574993	0.0	0	0	255	0.055279862	0.0027488298	0.0	255	0	0	
203	2	-0.70470697	-0.06226919	0.0	0	0	255	0.05524261	0.0030747014	0.0	255	0	0	
204	2	-0.7038129	-0.06878845	0.0	0	0	255	0.055205356	0.0033995002	0.0	255	0	0	
205	2	-0.7029188	-0.0752817	0.0	0	0	255	0.055156518	0.003724299	0.0	255	0	0	
206	2	-0.7019392	-0.08176371	0.0	0	0	255	0.05510064	0.0040485854	0.0	255	0	0	
207	2	-0.70074713	-0.08824571	0.0	0	0	255	0.05504476	0.00437222	0.0	255	0	0	
208	2	-0.69955504	-0.09472772	0.0	0	0	255	0.05498888	0.0046958546	0.0	255	0	0	
209	2	-0.69836295	-0.10117391	0.0	0	0	255	0.054927994	0.0050191283	0.0	255	0	0	
210	2	-0.69693124	-0.10761866	0.0	0	0	255	0.054853488	0.0053404346	0.0	255	0	0	
211	2	-0.6954411	-0.11406341	0.0	0	0	255	0.054778982	0.005661741	0.0	255	0	0	
212	2	-0.693951	-0.12047173	0.0	0	0	255	0.054704476	0.005983047	0.0	255	0	0	
213	2	-0.6923652	-0.12687923	0.0	0	0	255	0.05462997	0.0063028093	0.0	255	0	0	
214	2	-0.6905771	-0.13328673	0.0	0	0	255	0.054538146	0.0066217873	0.0	255	0	0	
215	2	-0.68878895	-0.1396729	0.0	0	0	255	0.054445013	0.0069407653	0.0	255	0	0	
216	2	-0.6870008	-0.1460059	0.0	0	0	255	0.05435188	0.0072580464	0.0	255	0	0	
217	2	-0.6849629	-0.15233889	0.0	0	0	255	0.05425875	0.007574696	0.0	255	0	0	
218	2	-0.68287677	-0.15867189	0.0	0	0	255	0.054155104	0.007891346	0.0	255	0	0	
219	2	-0.6807906	-0.16499113	0.0	0	0	255	0.054043345	0.008207995	0.0	255	0	0	
220	2	-0.6786054	-0.17124961	0.0	0	0	255	0.053931586	0.008520094	0.0	255	0	0	
221	2	-0.6762212	-0.1775081	0.0	0	0	255	0.053819828	0.008832087	0.0	255	0	0	
222	2	-0.673837	-0.18376659	0.0	0	0	255	0.05370456	0.00914408	0.0	255	0	0	
223	2	-0.6714528	-0.18997099	0.0	0	0	255	0.053574175	0.009456073	0.0	255	0	0	
224	2	-0.6688226	-0.19615497	0.0	0	0	255	0.05344379	0.0097646965	0.0	255	0	0	
225	2	-0.6661404	-0.20233895	0.0	0	0	255	0.053313404	0.010072033	0.0	255	0	0	
226	2	-0.66345817	-0.2084749	0.0	0	0	255	0.05318302	0.010379369	0.0	255	0	0	
227	2	-0.66068095	-0.21458438	0.0	0	0	255	0.05303685	0.0106865605	0.0	255	0	0	
228	2	-0.6577007	-0.22069386	0.0	0	0	255	0.05288784	0.01098924	0.0	255	0	0	
229	2	-0.6547205	-0.22674003	0.0	0	0	255	0.052738827	0.01129192	0.0	255	0	0	
230	2	-0.65174025	-0.232775	0.0	0	0	255	0.052589815	0.0115946	0.0	255	0	0	
231	2	-0.6485181	-0.23878913	0.0	0	0	255	0.052432567	0.011893839	0.0	255	0	0	
232	2	-0.64523983	-0.24474959	0.0	0	0	255	0.05226493	0.012191862	0.0	255	0	0	
233	2	-0.6419616	-0.25071004	0.0	0	0	255	0.05209729	0.012489885	0.0	255	0	0	
234	2	-0.6385924	-0.2566705	0.0	0	0	255	0.051929653	0.012784439	0.0	255	0	0	
235	2	-0.63501614	-0.26251954	0.0	0	0	255	0.051761486	0.013077806	0.0	255	0	0	
236	2	-0.63143986	-0.268331	0.0	0	0	255	0.05157522	0.013371172	0.0	255	0	0	
237	2	-0.6278636	-0.27414244	0.0	0	0	255	0.051388957	0.013659969	0.0	255	0	0	
238	2	-0.6240494	-0.2799539	0.0	0	0	255	0.051202692	0.013948679	0.0	255	0	0	
239	2	-0.6201751	-0.2856865	0.0	0	0	255	0.051016428	0.0142355235	0.0	255	0	0	
240	2	-0.6163008	-0.29134893	0.0	0	0	255	0.050818715	0.014519577	0.0	255	0	0	
241	2	-0.6123454	-0.29701138	0.0	0	0	255	0.050613824	0.01480363	0.0	255	0	0	
242	2	-0.6081731	-0.30267382	0.0	0	0	255	0.050408933	0.01508317	0.0	255	0	0	
243	2	-0.60400075	-0.3082316	0.0	0	0	255	0.050204042	0.015362566	0.0	255	0	0	
244	2	-0.5998284	-0.31374502	0.0	0	0	255	0.049995407	0.015639013	0.0	255	0	0	
245	2	-0.59544253	-0.31925845	0.0	0	0	255	0.04977189	0.015912838	0.0	255	0	0	
246	2	-0.5909722	-0.32473925	0.0	0	0	255	0.049548373	0.016182922	0.0	255	0	0	
247	2	-0.58650184	-0.33010367	0.0	0	0	255	0.049324855	0.016453005	0.0	255	0	0	
248	2	-0.58198345	-0.33546808	0.0	0	0	255	0.049101338	0.016723089	0.0	255	0	0	
249	2	-0.5772151	-0.3408325	0.0	0	0	255	0.04886343	0.016988814	0.0	255	0	0	
250	2	-0.5724467	-0.34605238	0.0	0	0	255	0.048621286	0.017249584	0.0	255	0	0	
251	2	-0.56767833	-0.35126778	0.0	0	0	255	0.04837914	0.017510355	0.0	255	0	0	
252	2	-0.5627295	-0.3564832	0.0	0	0	255	0.048136998	0.017771125	0.0	255	0	0	
253	2	-0.5576631	-0.36155543	0.0	0	0	255	0.047889046	0.018025603	0.0	255	0	0	
254	2	-0.5525967	-0.36662182	0.0	0	0	255	0.047628276	0.01827706	0.0	255	0	0	
255	2	-0.5475174	-0.37167025	0.0	0	0	255	0.047367506	0.018528517	0.0	255	0	0	
256	2	-0.542153	-0.37658763	0.0	0	0	255	0.047106735	0.018778274	0.0	255	0	0	
257	2	-0.5367886	-0.381505	0.0	0	0	255	0.046845965	0.019020418	0.0	255	0	0	
258	2	-0.53142416	-0.38635802	0.0	0	0	255	0.046571214	0.019262562	0.0	255	0	0	
259	2	-0.5259447	-0.3911264	0.0	0	0	255	0.046291817	0.019504705	0.0	255	0	0	
260	2	-0.52028227	-0.39589477	0.0	0	0	255	0.04601242	0.019738406	0.0	255	0	0	
261	2	-0.5146198	-0.40052965	0.0	0	0	255	0.045733023	0.019971237	0.0	255	0	0	
262	2	-0.5089574	-0.405149	0.0	0	0	255	0.04545029	0.020204067	0.0	255	0	0	
263	2	-0.50307775	-0.40969762	0.0	0	0	255	0.045152266	0.020429065	0.0	255	0	0	
264	2	-0.49711728	-0.41416797	0.0	0	0	255	0.044854242	0.020652583	0.0	255	0	0	
265	2	-0.49115682	-0.41861466	0.0	0	0	255	0.04455622	0.0208761	0.0	255	0	0	
266	2	-0.48504943	-0.422936	0.0	0	0	255	0.044258196	0.021090839	0.0	255	0	0	
267	2	-0.47892138	-0.42725733	0.0	0	0	255	0.043948855	0.021305043	0.0	255	0	0	
268	2	-0.4726629	-0.43143886	0.0	0	0	255	0.043632206	0.021517383	0.0	255	0	0	
269	2	-0.46636832	-0.4356112	0.0	0	0	255	0.043315556	0.021722274	0.0	255	0	0	
270	2	-0.45996082	-0.43966198	0.0	0	0	255	0.042998906	0.021927165	0.0	255	0	0	
271	2	-0.4534997	-0.4436853	0.0	0	0	255	0.042682257	0.022126565	0.0	255	0	0	
272	2	-0.4469432	-0.44759366	0.0	0	0	255	0.042349216	0.022322142	0.0	255	0	0	
273	2	-0.4403155	-0.45146796	0.0	0	0	255	0.04201394	0.022516813	0.0	255	0	0	
274	2	-0.43361	-0.45522314	0.0	0	0	255	0.041678663	0.022703078	0.0	255	0	0	
275	2	-0.4268223	-0.45894843	0.0	0	0	255	0.041343387	0.022889342	0.0	255	0	0	
276	2	-0.41996777	-0.46254045	0.0	0	0	255	0.041006006	0.023068935	0.0	255	0	0	
277	2	-0.41302204	-0.4661088	0.0	0	0	255	0.040652104	0.023245886	0.0	255	0	0	
278	2	-0.4060185	-0.46953607	0.0	0	0	255	0.0402982	0.023418823	0.0	255	0	0	
279	2	-0.39891472	-0.47292295	0.0	0	0	255	0.0399443	0.023586461	0.0	255	0	0	
280	2	-0.39176217	-0.4762012	0.0	0	0	255	0.039590396	0.023751922	0.0	255	0	0	
281	2	-0.38450876	-0.47939864	0.0	0	0	255	0.039232958	0.023910247	0.0	255	0	0	
282	2	-0.3772072	-0.48252788	0.0	0	0	255	0.03886043	0.024067456	0.0	255	0	0	
283	2	-0.36980477	-0.48552838	0.0	0	0	255	0.0384879	0.024216468	0.0	255	0	0	
284	2	-0.3623542	-0.48847374	0.0	0	0	255	0.03811537	0.024364723	0.0	255	0	0	
285	2	-0.3548096	-0.49130496	0.0	0	0	255	0.037742842	0.024504421	0.0	255	0	0	
286	2	-0.34721002	-0.49403948	0.0	0	0	255	0.03736862	0.024643086	0.0	255	0	0	
287	2	-0.33952606	-0.49670595	0.0	0	0	255	0.036977466	0.024773471	0.0	255	0	0	
288	2	-0.33177745	-0.49923915	0.0	0	0	255	0.03658631	0.02490195	0.0	255	0	0	
289	2	-0.32396346	-0.5016681	0.0	0	0	255	0.036195155	0.025023023	0.0	255	0	0	
290	2	-0.31606585	-0.5040523	0.0	0	0	255	0.035804	0.025140751	0.0	255	0	0	
291	2	-0.3081227	-0.50631297	0.0	0	0	255	0.035412844	0.02525251	0.0	255	0	0	
292	2	-0.30007607	-0.5083991	0.0	0	0	255	0.035008207	0.025358975	0.0	255	0	0	
293	2	-0.29202017	-0.5104853	0.0	0	0	255	0.034598425	0.02546142	0.0	255	0	0	
294	2	-0.28382453	-0.5123873	0.0	0	0	255	0.034188643	0.025556138	0.0	255	0	0	
295	2	-0.2756289	-0.5141754	0.0	0	0	255	0.03377886	0.025647962	0.0	255	0	0	
296	2	-0.26731753	-0.51596355	0.0	0	0	255	0.03336908	0.025731781	0.0	255	0	0	
297	2	-0.25897288	-0.51746976	0.0	0	0	255	0.032959297	0.025810976	0.0	255	0	0	
298	2	-0.25056827	-0.5189599	0.0	0	0	255	0.03253095	0.025885481	0.0	255	0	0	
299	2	-0.2420855	-0.5203349	0.0	0	0	255	0.03210254	0.025951643	0.0	255	0	0	
300	2	-0.23355038	-0.521527	0.0	0	0	255	0.03167413	0.02601371	0.0	255	0	0	
301	2	-0.22495864	-0.5227191	0.0	0	0	255	0.031245723	0.026069589	0.0	255	0	0	
302	2	-0.21631597	-0.52363455	0.0	0	0	255	0.030814398	0.02611789	0.0	255	0	0	
303	2	-0.20760006	-0.5245286	0.0	0	0	255	0.030376676	0.026161397	0.0	255	0	0	
304	2	-0.19883448	-0.5252547	0.0	0	0	255	0.029938955	0.02619865	0.0	255	0	0	
305	2	-0.19002286	-0.5258508	0.0	0	0	255	0.029501233	0.026227735	0.0	255	0	0	
306	2	-0.18115667	-0.52636206	0.0	0	0	255	0.029055264	0.026251407	0.0	255	0	0	
307	2	-0.1722299	-0.5266601	0.0	0	0	255	0.028608229	0.026269382	0.0	255	0	0	
308	2	-0.16326524	-0.52693325	0.0	0	0	255	0.028161194	0.026278695	0.0	255	0	0	
309	2	-0.15425004	-0.52693325	0.0	0	0	255	0.02771317	0.026281385	0.0	255	0	0	
310	2	-0.14518107	-0.52693325	0.0	0	0	255	0.027256822	0.026277846	0.0	255	0	0	
311	2	-0.13608924	-0.52664876	0.0	0	0	255	0.026800474	0.02626783	0.0	255	0	0	
312	2	-0.12692502	-0.52635074	0.0	0	0	255	0.026344126	0.026249204	0.0	255	0	0	
313	2	-0.11773491	-0.52578676	0.0	0	0	255	0.025887778	0.026223166	0.0	255	0	0	
314	2	-0.108506404	-0.5251907	0.0	0	0	255	0.025424892	0.026190193	0.0	255	0	0	
315	2	-0.099240646	-0.52432895	0.0	0	0	255	0.02495923	0.026150076	0.0	255	0	0	
316	2	-0.08994001	-0.5234349	0.0	0	0	255	0.02449357	0.02610261	0.0	255	0	0	
317	2	-0.080607444	-0.5222583	0.0	0	0	255	0.024027908	0.02604673	0.0	255	0	0	
318	2	-0.07124732	-0.5210492	0.0	0	0	255	0.023562247	0.02598241	0.0	255	0	0	
319	2	-0.06185831	-0.5195591	0.0	0	0	255	0.023096586	0.025910366	0.0	255	0	0	
320	2	-0.05244298	-0.5180049	0.0	0	0	255	0.022623086	0.02583042	0.0	255	0	0	
321	2	-0.043005295	-0.51621675	0.0	0	0	255	0.022148112	0.025742406	0.0	255	0	0	
322	2	-0.03354741	-0.5143039	0.0	0	0	255	0.021673137	0.025646161	0.0	255	0	0	
323	2	-0.024073575	-0.51221776	0.0	0	0	255	0.021198163	0.025541537	0.0	255	0	0	
324	2	-0.014584472	-0.5099337	0.0	0	0	255	0.020723188	0.025428385	0.0	255	0	0	
325	2	-0.005083299	-0.5075495	0.0	0	0	255	0.020248214	0.025306571	0.0	255	0	0	
326	2	0.004426337	-0.5048825	0.0	0	0	255	0.01977324	0.025175955	0.0	255	0	0	
327	2	0.01394105	-0.5021199	0.0	0	0	255	0.019298265	0.025036257	0.0	255	0	0	
328	2	0.023459166	-0.49913484	0.0	0	0	255	0.01882329	0.024887405	0.0	255	0	0	
329	2	0.032977283	-0.49597317	0.0	0	0	255	0.018348316	0.024729505	0.0	255	0	0	
330	2	0.042489067	-0.4926338	0.0	0	0	255	0.017873341	0.024562448	0.0	255	0	0	
331	2	0.051988557	-0.4891156	0.0	0	0	255	0.017398367	0.02438612	0.0	255	0	0	
332	2	0.06147594	-0.48541296	0.0	0	0	255	0.016923392	0.024200425	0.0	255	0	0	
333	2	0.07094019	-0.4815014	0.0	0	0	255	0.016448418	0.024005255	0.0	255	0	0	
334	2	0.08039512	-0.47740698	0.0	0	0	255	0.015973443	0.023800347	0.0	255	0	0	
335	2	0.0898201	-0.4731291	0.0	0	0	255	0.015499709	0.023585547	0.0	255	0	0	
336	2	0.0992151	-0.46863848	0.0	0	0	255	0.015029391	0.023360934	0.0	255	0	0	
337	2	0.10857775	-0.46395406	0.0	0	0	255	0.014561141	0.023126438	0.0	255	0	0	
338	2	0.11790273	-0.45908284	0.0	0	0	255	0.01409548	0.02288199	0.0	255	0	0	
339	2	0.12717749	-0.45399335	0.0	0	0	255	0.013630828	0.022627555	0.0	255	0	0	
340	2	0.13641621	-0.44870743	0.0	0	0	255	0.013169823	0.02236302	0.0	255	0	0	
341	2	0.1455878	-0.44322994	0.0	0	0	255	0.012710755	0.022088375	0.0	255	0	0	
342	2	0.15470679	-0.43752438	0.0	0	0	255	0.012254407	0.021803549	0.0	255	0	0	
343	2	0.163764	-0.43162793	0.0	0	0	255	0.01180215	0.02150849	0.0	255	0	0	
344	2	0.17275116	-0.42552093	0.0	0	0	255	0.011352876	0.021203201	0.0	255	0	0	
345	2	0.18166223	-0.41919982	0.0	0	0	255	0.010907196	0.020887613	0.0	255	0	0	
346	2	0.19049239	-0.41268668	0.0	0	0	255	0.010465588	0.020560669	0.0	255	0	0	
347	2	0.19923753	-0.4059387	0.0	0	0	255	0.010028443	0.02022335	0.0	255	0	0	
348	2	0.20789076	-0.39899838	0.0	0	0	255	0.009596076	0.019875683	0.0	255	0	0	
349	2	0.21643572	-0.3918431	0.0	0	0	255	0.0091687525	0.019517668	0.0	255	0	0	
350	2	0.22488387	-0.38447562	0.0	0	0	255	0.008746702	0.019149305	0.0	255	0	0	
351	2	0.23321134	-0.37691304	0.0	0	0	255	0.008330123	0.018770594	0.0	255	0	0	
352	2	0.2414268	-0.3691184	0.0	0	0	255	0.007919187	0.018381536	0.0	255	0	0	
353	2	0.24951205	-0.36113167	0.0	0	0	255	0.0075153345	0.017982129	0.0	255	0	0	
354	2	0.2574635	-0.3529267	0.0	0	0	255	0.007117719	0.017571451	0.0	255	0	0	
355	2	0.26527646	-0.34451467	0.0	0	0	255	0.0067271315	0.017150516	0.0	255	0	0	
356	2	0.27294272	-0.33591297	0.0	0	0	255	0.006343901	0.016719393	0.0	255	0	0	
357	2	0.28045532	-0.32708135	0.0	0	0	255	0.005968312	0.016278159	0.0	255	0	0	
358	2	0.2878081	-0.31806207	0.0	0	0	255	0.0056009176	0.015826896	0.0	255	0	0	
359	2	0.2949955	-0.30885062	0.0	0	0	255	0.0052418755	0.015366617	0.0	255	0	0	
360	2	0.3020007	-0.29942238	0.0	0	0	255	0.0048916484	0.014895573	0.0	255	0	0	
361	2	0.30881363	-0.2898103	0.0	0	0	255	0.004550638	0.014414823	0.0	255	0	0	
362	2	0.31544435	-0.28001648	0.0	0	0	255	0.0042192065	0.013924497	0.0	255	0	0	
363	2	0.32188752	-0.2700223	0.0	0	0	255	0.0038976725	0.013424813	0.0	255	0	0	
364	2	0.32810172	-0.2598427	0.0	0	0	255	0.0035864075	0.0129159205	0.0	255	0	0	
365	2	0.33412194	-0.24948955	0.0	0	0	255	0.003285779	0.012398067	0.0	255	0	0	
366	2	0.33990872	-0.23896557	0.0	0	0	255	0.0029961837	0.011871523	0.0	255	0	0	
367	2	0.3454825	-0.22826822	0.0	0	0	255	0.0027179415	0.0113366125	0.0	255	0	0	
368	2	0.35080546	-0.21740709	0.0	0	0	255	0.002451412	0.010793721	0.0	255	0	0	
369	2	0.35590097	-0.20638885	0.0	0	0	255	0.0021969387	0.010242342	0.0	255	0	0	
370	2	0.36074376	-0.19521917	0.0	0	0	255	0.0019548545	0.009683739	0.0	255	0	0	
371	2	0.365327	-0.18390498	0.0	0	0	255	0.0017254947	0.009117858	0.0	255	0	0	
372	2	0.36965546	-0.17245425	0.0	0	0	255	0.0015091618	0.008545007	0.0	255	0	0	
373	2	0.37372047	-0.16086929	0.0	0	0	255	0.0013061605	0.007965519	0.0	255	0	0	
374	2	0.37751424	-0.14915928	0.0	0	0	255	0.0011167726	0.007380314	0.0	255	0	0	
375	2	0.38102096	-0.13734066	0.0	0	0	255	9.412773E-4	0.006788966	0.0	255	0	0	
376	2	0.38424665	-0.12540644	0.0	0	0	255	7.799274E-4	0.006192328	0.0	255	0	0	
377	2	0.38718578	-0.11337642	0.0	0	0	255	6.329619E-4	0.005590719	0.0	255	0	0	
378	2	0.38983348	-0.10125894	0.0	0	0	255	5.0060166E-4	0.004984521	0.0	255	0	0	
379	2	0.3921855	-0.08905965	0.0	0	0	255	3.8304972E-4	0.004374322	0.0	255	0	0	
380	2	0.39423814	-0.076786846	0.0	0	0	255	2.8048514E-4	0.0037605935	0.0	255	0	0	
381	2	0.3959883	-0.06445309	0.0	0	0	255	1.9306657E-4	0.0031437215	0.0	255	0	0	
382	2	0.39743328	-0.05206721	0.0	0	0	255	1.209312E-4	0.002524273	0.0	255	0	0	
383	2	0.39857095	-0.03963946	0.0	0	0	255	6.4193126E-5	0.0019027955	0.0	255	0	0	
384	2	0.39939964	-0.027179196	0.0	0	0	255	2.294248E-5	0.0012796166	0.0	255	0	0	
385	2	0.3999116	-0.014696689	0.0	0	0	255	-2.7544588E-6	6.5537205E-4	0.0	255	0	0	
386	2	0.40011215	-0.002202472	0.0	0	0	255	-1.2856129E-5	3.0489578E-5	0.0	255	0	0	
387	2	0.40000105	0.010293445	0.0	0	0	255	-7.3452993E-6	-5.944759E-4	0.0	255	0	0	
388	2	0.39957854	0.022781014	0.0	0	0	255	1.3770453E-5	-0.001219037	0.0	255	0	0	
389	2	0.3988452	0.03525032	0.0	0	0	255	5.0458864E-5	-0.001842637	0.0	255	0	0	
390	2	0.39780205	0.04768997	0.0	0	0	255	1.026629E-4	-0.0024648383	0.0	255	0	0	
391	2	0.39645055	0.060091633	0.0	0	0	255	1.703017E-4	-0.003085035	0.0	255	0	0	
392	2	0.3947926	0.0724435	0.0	0	0	255	2.5326977E-4	-0.0037028566	0.0	255	0	0	
393	2	0.3928305	0.08473676	0.0	0	0	255	3.514392E-4	-0.0043177176	0.0	255	0	0	
394	2	0.39056718	0.096962065	0.0	0	0	255	4.6465907E-4	-0.0049290694	0.0	255	0	0	
395	2	0.38800597	0.10910927	0.0	0	0	255	5.927568E-4	-0.005536603	0.0	255	0	0	
396	2	0.3851508	0.121171534	0.0	0	0	255	7.355391E-4	-0.0061398083	0.0	255	0	0	
397	2	0.3820061	0.13313481	0.0	0	0	255	8.927928E-4	-0.0067382194	0.0	255	0	0	
398	2	0.3785771	0.14499964	0.0	0	0	255	0.0010642854	-0.007331479	0.0	255	0	0	
399	2	0.37486973	0.15674251	0.0	0	0	255	0.0012497632	-0.007919325	0.0	255	0	0	
400	2	0.37089065	0.16836956	0.0	0	0	255	0.0014489671	-0.0085005015	0.0	255	0	0	
401	2	0.3666409	0.17987005	0.0	0	0	255	0.0016616068	-0.009075579	0.0	255	0	0	
402	2	0.36211982	0.191232	0.0	0	0	255	0.0018873923	-0.009643891	0.0	255	0	0	
403	2	0.35734797	0.20244995	0.0	0	0	255	0.0021260106	-0.010205003	0.0	255	0	0	
404	2	0.35233575	0.21351935	0.0	0	0	255	0.0023771527	-0.0107585015	0.0	255	0	0	
405	2	0.34706098	0.22443067	0.0	0	0	255	0.0026404632	-0.011304463	0.0	255	0	0	
406	2	0.34156212	0.23517905	0.0	0	0	255	0.0029156203	-0.011842232	0.0	255	0	0	
407	2	0.33582824	0.24576157	0.0	0	0	255	0.0032022805	-0.012371399	0.0	255	0	0	
408	2	0.32987562	0.25617582	0.0	0	0	255	0.0035000609	-0.012892012	0.0	255	0	0	
409	2	0.32370093	0.26640373	0.0	0	0	255	0.0038086404	-0.013403776	0.0	255	0	0	
410	2	0.31733447	0.2764557	0.0	0	0	255	0.0041276356	-0.013906459	0.0	255	0	0	
411	2	0.31074315	0.28632885	0.0	0	0	255	0.0044566374	-0.014399835	0.0	255	0	0	
412	2	0.30396798	0.2959956	0.0	0	0	255	0.004795345	-0.014883704	0.0	255	0	0	
413	2	0.29701376	0.3054713	0.0	0	0	255	0.0051433984	-0.015357918	0.0	255	0	0	
414	2	0.28988433	0.3147625	0.0	0	0	255	0.005500425	-0.015822684	0.0	255	0	0	
415	2	0.28256845	0.3238436	0.0	0	0	255	0.0058659785	-0.016276872	0.0	255	0	0	
416	2	0.2750907	0.33272204	0.0	0	0	255	0.0062397355	-0.016721008	0.0	255	0	0	
417	2	0.26745847	0.34141085	0.0	0	0	255	0.006621281	-0.017155034	0.0	255	0	0	
418	2	0.2596787	0.34987482	0.0	0	0	255	0.007010404	-0.017578844	0.0	255	0	0	
419	2	0.25175917	0.35814217	0.0	0	0	255	0.0074066087	-0.017992422	0.0	255	0	0	
420	2	0.24368954	0.36620304	0.0	0	0	255	0.0078095384	-0.018395692	0.0	255	0	0	
421	2	0.23550421	0.3740432	0.0	0	0	255	0.008218735	-0.018788615	0.0	255	0	0	
422	2	0.22719578	0.3816913	0.0	0	0	255	0.00863449	-0.019170888	0.0	255	0	0	
423	2	0.21877068	0.3891091	0.0	0	0	255	0.009055754	-0.01954208	0.0	255	0	0	
424	2	0.21023889	0.39632824	0.0	0	0	255	0.009482333	-0.019902924	0.0	255	0	0	
425	2	0.20161021	0.4033323	0.0	0	0	255	0.009914004	-0.02025342	0.0	255	0	0	
426	2	0.19287631	0.4101216	0.0	0	0	255	0.010350504	-0.020593569	0.0	255	0	0	
427	2	0.18405667	0.41671652	0.0	0	0	255	0.010791525	-0.020923369	0.0	255	0	0	
428	2	0.17515533	0.42307866	0.0	0	0	255	0.0112367	-0.02124282	0.0	255	0	0	
429	2	0.16617702	0.42924875	0.0	0	0	255	0.011685568	-0.021551924	0.0	255	0	0	
430	2	0.15712735	0.4352032	0.0	0	0	255	0.01213754	-0.021850478	0.0	255	0	0	
431	2	0.14801387	0.44094884	0.0	0	0	255	0.012593888	-0.022138068	0.0	255	0	0	
432	2	0.13884634	0.44650397	0.0	0	0	255	0.013052827	-0.022415427	0.0	255	0	0	
433	2	0.12960762	0.45182985	0.0	0	0	255	0.013513831	-0.022682674	0.0	255	0	0	
434	2	0.12033565	0.45696607	0.0	0	0	255	0.013978611	-0.02293981	0.0	255	0	0	
435	2	0.111009635	0.46190584	0.0	0	0	255	0.014444272	-0.023186926	0.0	255	0	0	
436	2	0.10164445	0.46662804	0.0	0	0	255	0.014913055	-0.02342407	0.0	255	0	0	
437	2	0.09224494	0.4711642	0.0	0	0	255	0.015383373	-0.023651311	0.0	255	0	0	
438	2	0.08281816	0.47550812	0.0	0	0	255	0.015855955	-0.02386872	0.0	255	0	0	
439	2	0.07335592	0.47963905	0.0	0	0	255	0.01633093	-0.02407637	0.0	255	0	0	
440	2	0.063878395	0.48358685	0.0	0	0	255	0.016805904	-0.024274344	0.0	255	0	0	
441	2	0.054378904	0.48735246	0.0	0	0	255	0.017280878	-0.024462735	0.0	255	0	0	
442	2	0.04486702	0.49091375	0.0	0	0	255	0.017755853	-0.024641633	0.0	255	0	0	
443	2	0.035348903	0.49428776	0.0	0	0	255	0.018230828	-0.02481113	0.0	255	0	0	
444	2	0.025825484	0.49748367	0.0	0	0	255	0.018705802	-0.024971338	0.0	255	0	0	
445	2	0.016298054	0.5005026	0.0	0	0	255	0.019180777	-0.025122356	0.0	255	0	0	
446	2	0.0067706616	0.50333166	0.0	0	0	255	0.019655751	-0.025264308	0.0	255	0	0	
447	2	-0.0027529853	0.5060139	0.0	0	0	255	0.020130726	-0.025397303	0.0	255	0	0	
448	2	-0.012268896	0.50844777	0.0	0	0	255	0.0206057	-0.025521476	0.0	255	0	0	
449	2	-0.021774184	0.51079524	0.0	0	0	255	0.021080675	-0.025636954	0.0	255	0	0	
450	2	-0.031266287	0.5128814	0.0	0	0	255	0.02155565	-0.02574388	0.0	255	0	0	
451	2	-0.040741146	0.5148559	0.0	0	0	255	0.022030624	-0.025842391	0.0	255	0	0	
452	2	-0.050196897	0.51664406	0.0	0	0	255	0.022505598	-0.025932645	0.0	255	0	0	
453	2	-0.059630297	0.5182581	0.0	0	0	255	0.022980573	-0.0260148	0.0	255	0	0	
454	2	-0.06903937	0.5197482	0.0	0	0	255	0.023452032	-0.026089022	0.0	255	0	0	
455	2	-0.07842459	0.5210152	0.0	0	0	255	0.023917694	-0.026154215	0.0	255	0	0	
456	2	-0.08777507	0.5222073	0.0	0	0	255	0.024383355	-0.026211366	0.0	255	0	0	
457	2	-0.09709283	0.52314186	0.0	0	0	255	0.024849016	-0.026260944	0.0	255	0	0	
458	2	-0.10637866	0.52403593	0.0	0	0	255	0.025314678	-0.026303139	0.0	255	0	0	
459	2	-0.11562754	0.52465355	0.0	0	0	255	0.025780339	-0.026338154	0.0	255	0	0	
460	2	-0.12483917	0.5252496	0.0	0	0	255	0.026239434	-0.026366094	0.0	255	0	0	
461	2	-0.13400404	0.52556723	0.0	0	0	255	0.026695782	-0.026384827	0.0	255	0	0	
462	2	-0.14313325	0.52586526	0.0	0	0	255	0.02715213	-0.026396813	0.0	255	0	0	
463	2	-0.15222296	0.52590114	0.0	0	0	255	0.027608478	-0.026402287	0.0	255	0	0	
464	2	-0.1612519	0.52590114	0.0	0	0	255	0.02806121	-0.026401492	0.0	255	0	0	
465	2	-0.17025104	0.525675	0.0	0	0	255	0.028508244	-0.026392179	0.0	255	0	0	
466	2	-0.17919174	0.525377	0.0	0	0	255	0.028955279	-0.02637606	0.0	255	0	0	
467	2	-0.18807591	0.5249102	0.0	0	0	255	0.029402314	-0.026354201	0.0	255	0	0	
468	2	-0.19691946	0.52431417	0.0	0	0	255	0.029843237	-0.026326261	0.0	255	0	0	
469	2	-0.20571114	0.52362996	0.0	0	0	255	0.030280959	-0.026289636	0.0	255	0	0	
470	2	-0.21443178	0.5227359	0.0	0	0	255	0.03071868	-0.026247859	0.0	255	0	0	
471	2	-0.22310275	0.5218418	0.0	0	0	255	0.031153876	-0.026201246	0.0	255	0	0	
472	2	-0.23172249	0.5206675	0.0	0	0	255	0.031582285	-0.026145367	0.0	255	0	0	
473	2	-0.24028492	0.5194754	0.0	0	0	255	0.032010693	-0.026084943	0.0	255	0	0	
474	2	-0.24877858	0.51813656	0.0	0	0	255	0.0324391	-0.02601975	0.0	255	0	0	
475	2	-0.25723785	0.51664644	0.0	0	0	255	0.03286751	-0.02594587	0.0	255	0	0	
476	2	-0.2655825	0.5151563	0.0	0	0	255	0.033284504	-0.025868226	0.0	255	0	0	
477	2	-0.27392715	0.5133852	0.0	0	0	255	0.033694286	-0.025784407	0.0	255	0	0	
478	2	-0.28213954	0.51159704	0.0	0	0	255	0.034104068	-0.025694085	0.0	255	0	0	
479	2	-0.29033518	0.5097249	0.0	0	0	255	0.03451385	-0.025600823	0.0	255	0	0	
480	2	-0.29844114	0.50763875	0.0	0	0	255	0.03492363	-0.025498377	0.0	255	0	0	
481	2	-0.30648777	0.5055526	0.0	0	0	255	0.035333414	-0.025393313	0.0	255	0	0	
482	2	-0.31447613	0.5033182	0.0	0	0	255	0.035726007	-0.025281554	0.0	255	0	0	
483	2	-0.32237375	0.500934	0.0	0	0	255	0.036117163	-0.025165174	0.0	255	0	0	
484	2	-0.33023298	0.49850205	0.0	0	0	255	0.036508318	-0.025044102	0.0	255	0	0	
485	2	-0.33798158	0.49596885	0.0	0	0	255	0.036899474	-0.024916913	0.0	255	0	0	
486	2	-0.34570816	0.49331304	0.0	0	0	255	0.03729063	-0.024786528	0.0	255	0	0	
487	2	-0.35330775	0.4905883	0.0	0	0	255	0.037670597	-0.024649102	0.0	255	0	0	
488	2	-0.36089492	0.4877571	0.0	0	0	255	0.038043126	-0.024509404	0.0	255	0	0	
489	2	-0.3683455	0.4848206	0.0	0	0	255	0.038415655	-0.024362333	0.0	255	0	0	
490	2	-0.37578765	0.4818279	0.0	0	0	255	0.038788185	-0.024213322	0.0	255	0	0	
491	2	-0.3830892	0.47869867	0.0	0	0	255	0.039160714	-0.024057245	0.0	255	0	0	
492	2	-0.39038235	0.4755077	0.0	0	0	255	0.03952342	-0.02389892	0.0	255	0	0	
493	2	-0.3975349	0.47222945	0.0	0	0	255	0.03987732	-0.023734525	0.0	255	0	0	
494	2	-0.4046752	0.46884802	0.0	0	0	255	0.040231224	-0.023566887	0.0	255	0	0	
495	2	-0.41167873	0.46542075	0.0	0	0	255	0.040585127	-0.023394942	0.0	255	0	0	
496	2	-0.41866097	0.4618568	0.0	0	0	255	0.04093903	-0.023217991	0.0	255	0	0	
497	2	-0.4255155	0.45826793	0.0	0	0	255	0.041281577	-0.023039334	0.0	255	0	0	
498	2	-0.43233967	0.45454264	0.0	0	0	255	0.041616853	-0.022853069	0.0	255	0	0	
499	2	-0.4390452	0.45078915	0.0	0	0	255	0.04195213	-0.022666804	0.0	255	0	0	
500	2	-0.44570547	0.44691485	0.0	0	0	255	0.042287406	-0.022473011	0.0	255	0	0	
501	2	-0.45226198	0.44300744	0.0	0	0	255	0.04262268	-0.022277433	0.0	255	0	0	
502	2	-0.45875573	0.43898413	0.0	0	0	255	0.042941775	-0.022078821	0.0	255	0	0	
503	2	-0.46516323	0.43493313	0.0	0	0	255	0.043258425	-0.02187393	0.0	255	0	0	
504	2	-0.4714904	0.4307608	0.0	0	0	255	0.043575075	-0.02166904	0.0	255	0	0	
505	2	-0.4777489	0.4265778	0.0	0	0	255	0.043891724	-0.021457428	0.0	255	0	0	
506	2	-0.48390955	0.42225647	0.0	0	0	255	0.044204984	-0.021243224	0.0	255	0	0	
507	2	-0.49001902	0.41793513	0.0	0	0	255	0.044503007	-0.02102902	0.0	255	0	0	
508	2	-0.49600524	0.4134845	0.0	0	0	255	0.04480103	-0.02080562	0.0	255	0	0	
509	2	-0.5019657	0.40901417	0.0	0	0	255	0.045099054	-0.020582102	0.0	255	0	0	
510	2	-0.5079011	0.4044603	0.0	0	0	255	0.045397077	-0.020357678	0.0	255	0	0	
511	2	-0.5135635	0.39984095	0.0	0	0	255	0.045683727	-0.020124847	0.0	255	0	0	
512	2	-0.51922596	0.39519945	0.0	0	0	255	0.045963123	-0.019892016	0.0	255	0	0	
513	2	-0.5248884	0.39043108	0.0	0	0	255	0.04624252	-0.019658815	0.0	255	0	0	
514	2	-0.5304235	0.3856627	0.0	0	0	255	0.046521917	-0.019416671	0.0	255	0	0	
515	2	-0.53578794	0.38080168	0.0	0	0	255	0.046800584	-0.019174527	0.0	255	0	0	
516	2	-0.54115236	0.3758843	0.0	0	0	255	0.047061354	-0.018932384	0.0	255	0	0	
517	2	-0.5465168	0.3709669	0.0	0	0	255	0.047322124	-0.018683074	0.0	255	0	0	
518	2	-0.55163836	0.3659075	0.0	0	0	255	0.047582895	-0.018431617	0.0	255	0	0	
519	2	-0.55670476	0.3608411	0.0	0	0	255	0.047843665	-0.01818016	0.0	255	0	0	
520	2	-0.56177115	0.35575628	0.0	0	0	255	0.04809438	-0.017926067	0.0	255	0	0	
521	2	-0.56676024	0.35054088	0.0	0	0	255	0.048336525	-0.017665297	0.0	255	0	0	
522	2	-0.5715286	0.34532547	0.0	0	0	255	0.04857867	-0.017404526	0.0	255	0	0	
523	2	-0.576297	0.34009135	0.0	0	0	255	0.048820812	-0.017143756	0.0	255	0	0	
524	2	-0.58106536	0.33472693	0.0	0	0	255	0.049060997	-0.016878294	0.0	255	0	0	
525	2	-0.585624	0.3293625	0.0	0	0	255	0.049284514	-0.01660821	0.0	255	0	0	
526	2	-0.5900943	0.3239981	0.0	0	0	255	0.04950803	-0.016338127	0.0	255	0	0	
527	2	-0.5945647	0.31849948	0.0	0	0	255	0.04973155	-0.016068043	0.0	255	0	0	
528	2	-0.59899086	0.31298605	0.0	0	0	255	0.049955066	-0.01579442	0.0	255	0	0	
529	2	-0.6031632	0.30747262	0.0	0	0	255	0.050165705	-0.015515458	0.0	255	0	0	
530	2	-0.6073355	0.3018951	0.0	0	0	255	0.050370596	-0.015236061	0.0	255	0	0	
531	2	-0.61150783	0.29623267	0.0	0	0	255	0.050575487	-0.014956595	0.0	255	0	0	
532	2	-0.61550355	0.29057023	0.0	0	0	255	0.05078038	-0.014672542	0.0	255	0	0	
533	2	-0.61937785	0.2849078	0.0	0	0	255	0.0509801	-0.014388489	0.0	255	0	0	
534	2	-0.62325215	0.2791513	0.0	0	0	255	0.051166363	-0.01410169	0.0	255	0	0	
535	2	-0.6271066	0.27333984	0.0	0	0	255	0.051352628	-0.01381298	0.0	255	0	0	
536	2	-0.6306829	0.26752838	0.0	0	0	255	0.051538892	-0.0135242045	0.0	255	0	0	
537	2	-0.63425916	0.26171693	0.0	0	0	255	0.051725157	-0.013230838	0.0	255	0	0	
538	2	-0.63783544	0.25583917	0.0	0	0	255	0.05189533	-0.012937471	0.0	255	0	0	
539	2	-0.6412449	0.2498787	0.0	0	0	255	0.05206297	-0.012642917	0.0	255	0	0	
540	2	-0.64452314	0.24391824	0.0	0	0	255	0.052230608	-0.012344894	0.0	255	0	0	
541	2	-0.6478014	0.23795778	0.0	0	0	255	0.052398246	-0.012046871	0.0	255	0	0	
542	2	-0.65106386	0.23192796	0.0	0	0	255	0.052556917	-0.011747615	0.0	255	0	0	
543	2	-0.6540441	0.22589299	0.0	0	0	255	0.05270593	-0.011444936	0.0	255	0	0	
544	2	-0.6570243	0.21982966	0.0	0	0	255	0.05285494	-0.011142256	0.0	255	0	0	
545	2	-0.66000456	0.21372019	0.0	0	0	255	0.053003952	-0.010839576	0.0	255	0	0	
546	2	-0.662822	0.20761071	0.0	0	0	255	0.05315031	-0.010532357	0.0	255	0	0	
547	2	-0.6655042	0.20145595	0.0	0	0	255	0.053280696	-0.01022502	0.0	255	0	0	
548	2	-0.6681864	0.19527197	0.0	0	0	255	0.05341108	-0.009917684	0.0	255	0	0	
549	2	-0.67085695	0.18908799	0.0	0	0	255	0.053541467	-0.0096090315	0.0	255	0	0	
550	2	-0.67324114	0.18286294	0.0	0	0	255	0.05367185	-0.009297038	0.0	255	0	0	
551	2	-0.6756253	0.17660445	0.0	0	0	255	0.053787272	-0.008985045	0.0	255	0	0	
552	2	-0.6780095	0.17034596	0.0	0	0	255	0.05389903	-0.008673052	0.0	255	0	0	
553	2	-0.680235	0.16407846	0.0	0	0	255	0.05401079	-0.008360935	0.0	255	0	0	
554	2	-0.6823212	0.15774547	0.0	0	0	255	0.05412255	-0.008044286	0.0	255	0	0	
555	2	-0.68440735	0.15141247	0.0	0	0	255	0.054225657	-0.007727636	0.0	255	0	0	
556	2	-0.686474	0.14507948	0.0	0	0	255	0.05431879	-0.0074109863	0.0	255	0	0	
557	2	-0.68826216	0.13873945	0.0	0	0	255	0.05441192	-0.0070937104	0.0	255	0	0	
558	2	-0.6900503	0.13233195	0.0	0	0	255	0.054505054	-0.0067747324	0.0	255	0	0	
559	2	-0.69183844	0.12592445	0.0	0	0	255	0.05459585	-0.0064557544	0.0	255	0	0	
560	2	-0.693453	0.119516954	0.0	0	0	255	0.054670356	-0.0061360253	0.0	255	0	0	
561	2	-0.69494313	0.11309248	0.0	0	0	255	0.054744862	-0.005814719	0.0	255	0	0	
562	2	-0.69643325	0.10664773	0.0	0	0	255	0.054819368	-0.0054934127	0.0	255	0	0	
563	2	-0.69789374	0.10020298	0.0	0	0	255	0.054893874	-0.0051721064	0.0	255	0	0	
564	2	-0.69908583	0.09373796	0.0	0	0	255	0.05495373	-0.0048489175	0.0	255	0	0	
565	2	-0.7002779	0.087255955	0.0	0	0	255	0.05500961	-0.004525283	0.0	255	0	0	
566	2	-0.70147	0.08077395	0.0	0	0	255	0.05506549	-0.0042016483	0.0	255	0	0	
567	2	-0.7024784	0.074291945	0.0	0	0	255	0.05512137	-0.003877912	0.0	255	0	0	
568	2	-0.7033725	0.06777598	0.0	0	0	255	0.055168916	-0.0035531132	0.0	255	0	0	
569	2	-0.70426655	0.06125672	0.0	0	0	255	0.05520617	-0.0032283145	0.0	255	0	0	
570	2	-0.7051181	0.054737464	0.0	0	0	255	0.05524342	-0.0029026212	0.0	255	0	0	
571	2	-0.70571417	0.048214864	0.0	0	0	255	0.055280674	-0.0025766583	0.0	255	0	0	
572	2	-0.7063102	0.04167698	0.0	0	0	255	0.055315908	-0.0022506954	0.0	255	0	0	
573	2	-0.70690626	0.035139095	0.0	0	0	255	0.055334534	-0.0019246817	0.0	255	0	0	
574	2	-0.70730245	0.02859928	0.0	0	0	255	0.05535316	-0.0015981367	0.0	255	0	0	
575	2	-0.7076005	0.022052083	0.0	0	0	255	0.055371787	-0.0012715918	0.0	255	0	0	
576	2	-0.7078985	0.015504885	0.0	0	0	255	0.055390414	-9.4490923E-4	0.0	255	0	0	
577	2	-0.70813864	0.00895634	0.0	0	0	255	0.05539481	-6.180732E-4	0.0	255	0	0	
578	2	-0.70813864	0.002406408	0.0	0	0	255	0.05539481	-2.9114945E-4	0.0	255	0	0	
579	2	-0.70813864	-0.0041433987	0.0	0	0	255	0.05539481	3.5815883E-5	0.0	255	0	0	
580	2	-0.70813864	-0.010693949	0.0	0	0	255	0.05539481	3.627878E-4	0.0	255	0	0	
581	2	-0.7079245	-0.017241493	0.0	0	0	255	0.055386987	6.8967964E-4	0.0	255	0	0	
582	2	-0.70762646	-0.02378869	0.0	0	0	255	0.05536836	0.00101648	0.0	255	0	0	
583	2	-0.70732844	-0.030335821	0.0	0	0	255	0.055349734	0.001343025	0.0	255	0	0	
584	2	-0.70695835	-0.036873706	0.0	0	0	255	0.055331107	0.00166957	0.0	255	0	0	
585	2	-0.7063623	-0.04341159	0.0	0	0	255	0.055311114	0.0019958564	0.0	255	0	0	
586	2	-0.70576626	-0.049948853	0.0	0	0	255	0.05527386	0.0023218193	0.0	255	0	0	
587	2	-0.7051702	-0.05646811	0.0	0	0	255	0.055236608	0.0026477822	0.0	255	0	0	
588	2	-0.7043455	-0.062987365	0.0	0	0	255	0.055199355	0.0029732278	0.0	255	0	0	
589	2	-0.70345145	-0.06950662	0.0	0	0	255	0.055162102	0.0032980265	0.0	255	0	0	
590	2	-0.7025574	-0.07601474	0.0	0	0	255	0.055111196	0.0036228253	0.0	255	0	0	
591	2	-0.7015786	-0.08249675	0.0	0	0	255	0.055055317	0.0039468086	0.0	255	0	0	
592	2	-0.7003865	-0.08897875	0.0	0	0	255	0.054999437	0.004270443	0.0	255	0	0	
593	2	-0.69919443	-0.09546076	0.0	0	0	255	0.054943558	0.004594078	0.0	255	0	0	
594	2	-0.69800234	-0.101918034	0.0	0	0	255	0.054880545	0.0049167853	0.0	255	0	0	
595	2	-0.69657147	-0.10836279	0.0	0	0	255	0.05480604	0.0052380916	0.0	255	0	0	
596	2	-0.69508135	-0.11480754	0.0	0	0	255	0.054731533	0.005559398	0.0	255	0	0	
597	2	-0.69359124	-0.1212244	0.0	0	0	255	0.054657027	0.005880704	0.0	255	0	0	
598	2	-0.69200623	-0.1276319	0.0	0	0	255	0.0545817	0.006199961	0.0	255	0	0	
599	2	-0.6902181	-0.1340394	0.0	0	0	255	0.05448857	0.006518939	0.0	255	0	0	
600	2	-0.68842995	-0.14043903	0.0	0	0	255	0.054395437	0.006837917	0.0	255	0	0	
601	2	-0.6866418	-0.14677203	0.0	0	0	255	0.054302305	0.007154733	0.0	255	0	0	
602	2	-0.6846047	-0.15310502	0.0	0	0	255	0.054209173	0.0074713826	0.0	255	0	0	
603	2	-0.68251854	-0.15943801	0.0	0	0	255	0.05410315	0.0077873147	0.0	255	0	0	
604	2	-0.6804324	-0.16576576	0.0	0	0	255	0.053991392	0.008103007	0.0	255	0	0	
605	2	-0.6782479	-0.17202425	0.0	0	0	255	0.053879634	0.0084150005	0.0	255	0	0	
606	2	-0.67586374	-0.17828274	0.0	0	0	255	0.053767875	0.008726994	0.0	255	0	0	
607	2	-0.67347956	-0.18454123	0.0	0	0	255	0.05365023	0.009038987	0.0	255	0	0	
608	2	-0.6710954	-0.1907524	0.0	0	0	255	0.053519845	0.00935098	0.0	255	0	0	
609	2	-0.668466	-0.19693638	0.0	0	0	255	0.05338946	0.009658769	0.0	255	0	0	
610	2	-0.66578376	-0.20312037	0.0	0	0	255	0.053259075	0.009966105	0.0	255	0	0	
611	2	-0.66310155	-0.20926169	0.0	0	0	255	0.05312869	0.010273442	0.0	255	0	0	
612	2	-0.66032517	-0.21537116	0.0	0	0	255	0.052980144	0.010579831	0.0	255	0	0	
613	2	-0.65734494	-0.22148064	0.0	0	0	255	0.052831132	0.010882511	0.0	255	0	0	
614	2	-0.6543647	-0.22753102	0.0	0	0	255	0.05268212	0.011185191	0.0	255	0	0	
615	2	-0.6513845	-0.23356599	0.0	0	0	255	0.05253311	0.0114878705	0.0	255	0	0	
616	2	-0.6481631	-0.23958331	0.0	0	0	255	0.05237318	0.011786333	0.0	255	0	0	
617	2	-0.6448848	-0.24554378	0.0	0	0	255	0.05220554	0.0120843565	0.0	255	0	0	
618	2	-0.64160657	-0.25150424	0.0	0	0	255	0.052037902	0.01238238	0.0	255	0	0	
619	2	-0.6382382	-0.2574647	0.0	0	0	255	0.051870264	0.01267618	0.0	255	0	0	
620	2	-0.6346619	-0.2633185	0.0	0	0	255	0.051699415	0.012969547	0.0	255	0	0	
621	2	-0.63108563	-0.26912996	0.0	0	0	255	0.05151315	0.013262266	0.0	255	0	0	
622	2	-0.62750936	-0.2749414	0.0	0	0	255	0.051326886	0.013550976	0.0	255	0	0	
623	2	-0.623696	-0.28075287	0.0	0	0	255	0.05114062	0.013839686	0.0	255	0	0	
624	2	-0.6198217	-0.28648755	0.0	0	0	255	0.050954357	0.014125816	0.0	255	0	0	
625	2	-0.6159474	-0.29215	0.0	0	0	255	0.050753962	0.014409869	0.0	255	0	0	
626	2	-0.6119928	-0.29781243	0.0	0	0	255	0.05054907	0.014693364	0.0	255	0	0	
627	2	-0.60782045	-0.30347487	0.0	0	0	255	0.05034418	0.01497276	0.0	255	0	0	
628	2	-0.6036481	-0.30903277	0.0	0	0	255	0.05013929	0.015252157	0.0	255	0	0	
629	2	-0.5994758	-0.3145462	0.0	0	0	255	0.049927976	0.015527669	0.0	255	0	0	
630	2	-0.5950907	-0.32005963	0.0	0	0	255	0.04970446	0.015799403	0.0	255	0	0	
631	2	-0.59062034	-0.3255398	0.0	0	0	255	0.04948094	0.016069487	0.0	255	0	0	
632	2	-0.58615	-0.33090422	0.0	0	0	255	0.049257424	0.01633957	0.0	255	0	0	
633	2	-0.58163244	-0.33626863	0.0	0	0	255	0.049033906	0.016609654	0.0	255	0	0	
634	2	-0.57686406	-0.34163305	0.0	0	0	255	0.04879338	0.016874036	0.0	255	0	0	
635	2	-0.5720957	-0.34685102	0.0	0	0	255	0.048551235	0.017134806	0.0	255	0	0	
636	2	-0.5673273	-0.35206643	0.0	0	0	255	0.04830909	0.017395576	0.0	255	0	0	
637	2	-0.5623793	-0.35728183	0.0	0	0	255	0.048066948	0.017656347	0.0	255	0	0	
638	2	-0.5573129	-0.36235163	0.0	0	0	255	0.047816377	0.017909542	0.0	255	0	0	
639	2	-0.5522465	-0.36741802	0.0	0	0	255	0.047555607	0.018160999	0.0	255	0	0	
640	2	-0.54717094	-0.37246355	0.0	0	0	255	0.047294836	0.018412456	0.0	255	0	0	
641	2	-0.5418065	-0.37738094	0.0	0	0	255	0.047034066	0.018660955	0.0	255	0	0	
642	2	-0.5364421	-0.38229832	0.0	0	0	255	0.046773296	0.018903099	0.0	255	0	0	
643	2	-0.5310777	-0.38714775	0.0	0	0	255	0.046496116	0.019145243	0.0	255	0	0	
644	2	-0.5256019	-0.39191613	0.0	0	0	255	0.04621672	0.019387012	0.0	255	0	0	
645	2	-0.5199395	-0.3966845	0.0	0	0	255	0.045937322	0.019619843	0.0	255	0	0	
646	2	-0.51427704	-0.40131557	0.0	0	0	255	0.045657925	0.019852674	0.0	255	0	0	
647	2	-0.5086146	-0.40593493	0.0	0	0	255	0.04537276	0.020085504	0.0	255	0	0	
648	2	-0.5027386	-0.4104795	0.0	0	0	255	0.04507474	0.020309301	0.0	255	0	0	
649	2	-0.49677813	-0.41494983	0.0	0	0	255	0.044776715	0.020532819	0.0	255	0	0	
650	2	-0.49081767	-0.4193923	0.0	0	0	255	0.044478692	0.020755699	0.0	255	0	0	
651	2	-0.48471212	-0.42371362	0.0	0	0	255	0.04418067	0.020969903	0.0	255	0	0	
652	2	-0.47858763	-0.42803496	0.0	0	0	255	0.043868896	0.021184107	0.0	255	0	0	
653	2	-0.47232914	-0.43221208	0.0	0	0	255	0.043552246	0.021395316	0.0	255	0	0	
654	2	-0.4660381	-0.4363844	0.0	0	0	255	0.043235596	0.021600207	0.0	255	0	0	
655	2	-0.4596306	-0.44043064	0.0	0	0	255	0.042918947	0.021805098	0.0	255	0	0	
656	2	-0.453173	-0.44445395	0.0	0	0	255	0.042602245	0.022003397	0.0	255	0	0	
657	2	-0.4466165	-0.44835773	0.0	0	0	255	0.04226697	0.022198975	0.0	255	0	0	
658	2	-0.43999237	-0.45223203	0.0	0	0	255	0.041931693	0.022392584	0.0	255	0	0	
659	2	-0.43328685	-0.45598257	0.0	0	0	255	0.041596416	0.022578849	0.0	255	0	0	
660	2	-0.42650422	-0.45970786	0.0	0	0	255	0.04126114	0.022765113	0.0	255	0	0	
661	2	-0.4196497	-0.46329522	0.0	0	0	255	0.040921602	0.022943674	0.0	255	0	0	
662	2	-0.41270903	-0.46685895	0.0	0	0	255	0.0405677	0.023120625	0.0	255	0	0	
663	2	-0.40570548	-0.47028622	0.0	0	0	255	0.040213797	0.023292556	0.0	255	0	0	
664	2	-0.39860764	-0.47366855	0.0	0	0	255	0.039859895	0.023460194	0.0	255	0	0	
665	2	-0.39145508	-0.4769468	0.0	0	0	255	0.039505992	0.02362468	0.0	255	0	0	
666	2	-0.38420823	-0.4801397	0.0	0	0	255	0.039146397	0.023783004	0.0	255	0	0	
667	2	-0.37690666	-0.48326895	0.0	0	0	255	0.03877387	0.023939278	0.0	255	0	0	
668	2	-0.3695108	-0.486265	0.0	0	0	255	0.03840134	0.02408829	0.0	255	0	0	
669	2	-0.36206022	-0.48920605	0.0	0	0	255	0.03802881	0.024235638	0.0	255	0	0	
670	2	-0.35452363	-0.49203727	0.0	0	0	255	0.03765628	0.024375336	0.0	255	0	0	
671	2	-0.34692404	-0.49476758	0.0	0	0	255	0.037280016	0.024513122	0.0	255	0	0	
672	2	-0.33924857	-0.49742997	0.0	0	0	255	0.03688886	0.024643507	0.0	255	0	0	
673	2	-0.33149996	-0.49996316	0.0	0	0	255	0.036497705	0.024771133	0.0	255	0	0	
674	2	-0.32369536	-0.5023495	0.0	0	0	255	0.03610655	0.024892205	0.0	255	0	0	
675	2	-0.31579775	-0.5047337	0.0	0	0	255	0.035715394	0.025009114	0.0	255	0	0	
676	2	-0.30786398	-0.5069868	0.0	0	0	255	0.03532424	0.025120873	0.0	255	0	0	
677	2	-0.29981735	-0.50907296	0.0	0	0	255	0.034917723	0.025226545	0.0	255	0	0	
678	2	-0.29177073	-0.5111591	0.0	0	0	255	0.03450794	0.02532899	0.0	255	0	0	
679	2	-0.28357792	-0.5130541	0.0	0	0	255	0.03409816	0.025422938	0.0	255	0	0	
680	2	-0.27538228	-0.5148422	0.0	0	0	255	0.033688378	0.025514025	0.0	255	0	0	
681	2	-0.26708305	-0.51663035	0.0	0	0	255	0.033278596	0.025597844	0.0	255	0	0	
682	2	-0.2587384	-0.5181302	0.0	0	0	255	0.032867122	0.025676329	0.0	255	0	0	
683	2	-0.25034872	-0.5196203	0.0	0	0	255	0.032438714	0.025750834	0.0	255	0	0	
684	2	-0.24187534	-0.52098966	0.0	0	0	255	0.032010306	0.025816312	0.0	255	0	0	
685	2	-0.2333477	-0.52218175	0.0	0	0	255	0.031581897	0.02587772	0.0	255	0	0	
686	2	-0.22476488	-0.52337384	0.0	0	0	255	0.031153489	0.0259336	0.0	255	0	0	
687	2	-0.21612221	-0.5242843	0.0	0	0	255	0.030721312	0.025981266	0.0	255	0	0	
688	2	-0.20741522	-0.5251784	0.0	0	0	255	0.03028359	0.026024168	0.0	255	0	0	
689	2	-0.19865856	-0.52590024	0.0	0	0	255	0.02984587	0.026061421	0.0	255	0	0	
690	2	-0.18985747	-0.5264963	0.0	0	0	255	0.029408148	0.026089927	0.0	255	0	0	
691	2	-0.18099128	-0.5270042	0.0	0	0	255	0.02896136	0.026113046	0.0	255	0	0	
692	2	-0.17207505	-0.5273022	0.0	0	0	255	0.028514326	0.026130492	0.0	255	0	0	
693	2	-0.16312271	-0.52757275	0.0	0	0	255	0.02806729	0.026139805	0.0	255	0	0	
694	2	-0.15410751	-0.52757275	0.0	0	0	255	0.027618468	0.02614199	0.0	255	0	0	
695	2	-0.14505087	-0.52757275	0.0	0	0	255	0.02716212	0.02613797	0.0	255	0	0	
696	2	-0.13596116	-0.52728647	0.0	0	0	255	0.026705772	0.026127499	0.0	255	0	0	
697	2	-0.12680921	-0.52698845	0.0	0	0	255	0.026249424	0.026108872	0.0	255	0	0	
698	2	-0.1176264	-0.52642345	0.0	0	0	255	0.025793076	0.0260824	0.0	255	0	0	
699	2	-0.108406335	-0.5258274	0.0	0	0	255	0.025329378	0.02604902	0.0	255	0	0	
700	2	-0.09914902	-0.52496547	0.0	0	0	255	0.024863716	0.026008517	0.0	255	0	0	
701	2	-0.08985836	-0.5240714	0.0	0	0	255	0.024398055	0.02596069	0.0	255	0	0	
702	2	-0.08053577	-0.5228955	0.0	0	0	255	0.023932394	0.02590481	0.0	255	0	0	
703	2	-0.07118529	-0.5216879	0.0	0	0	255	0.023466732	0.02584015	0.0	255	0	0	
704	2	-0.061799884	-0.5201978	0.0	0	0	255	0.023001071	0.025767788	0.0	255	0	0	
705	2	-0.052393995	-0.51864594	0.0	0	0	255	0.022526633	0.025687547	0.0	255	0	0	
706	2	-0.04296409	-0.5168578	0.0	0	0	255	0.022051658	0.02559926	0.0	255	0	0	
707	2	-0.033515558	-0.5149481	0.0	0	0	255	0.021576684	0.025502766	0.0	255	0	0	
708	2	-0.024049066	-0.51286197	0.0	0	0	255	0.02110171	0.02539791	0.0	255	0	0	
709	2	-0.014569524	-0.51058203	0.0	0	0	255	0.020626735	0.02528455	0.0	255	0	0	
710	2	-0.0050780727	-0.50819784	0.0	0	0	255	0.02015176	0.02516254	0.0	255	0	0	
711	2	0.004421908	-0.5055359	0.0	0	0	255	0.019676786	0.025031753	0.0	255	0	0	
712	2	0.0139268115	-0.5027791	0.0	0	0	255	0.019201811	0.024892054	0.0	255	0	0	
713	2	0.023435615	-0.49979725	0.0	0	0	255	0.018726837	0.024743054	0.0	255	0	0	
714	2	0.032941923	-0.49663904	0.0	0	0	255	0.018251862	0.024585025	0.0	255	0	0	
715	2	0.042441413	-0.49330327	0.0	0	0	255	0.017776888	0.02441786	0.0	255	0	0	
716	2	0.05193371	-0.48978895	0.0	0	0	255	0.017301913	0.024241444	0.0	255	0	0	
717	2	0.061414048	-0.4860946	0.0	0	0	255	0.016826939	0.024055675	0.0	255	0	0	
718	2	0.070876285	-0.48218742	0.0	0	0	255	0.016351964	0.02386046	0.0	255	0	0	
719	2	0.080315836	-0.4780977	0.0	0	0	255	0.01587699	0.02365551	0.0	255	0	0	
720	2	0.089735374	-0.47382486	0.0	0	0	255	0.015404202	0.023440719	0.0	255	0	0	
721	2	0.099123105	-0.4693447	0.0	0	0	255	0.014933884	0.023216141	0.0	255	0	0	
722	2	0.10847548	-0.4646657	0.0	0	0	255	0.014465338	0.022981698	0.0	255	0	0	
723	2	0.11779103	-0.4598003	0.0	0	0	255	0.013999676	0.022737311	0.0	255	0	0	
724	2	0.1270587	-0.45472285	0.0	0	0	255	0.013534757	0.022482935	0.0	255	0	0	
725	2	0.13629235	-0.44944316	0.0	0	0	255	0.013073753	0.022218501	0.0	255	0	0	
726	2	0.14545657	-0.44397476	0.0	0	0	255	0.012614433	0.021943955	0.0	255	0	0	
727	2	0.15456511	-0.43828046	0.0	0	0	255	0.012158085	0.021659276	0.0	255	0	0	
728	2	0.16361287	-0.43239135	0.0	0	0	255	0.011705583	0.021364365	0.0	255	0	0	
729	2	0.17259221	-0.426299	0.0	0	0	255	0.011256067	0.021059223	0.0	255	0	0	
730	2	0.18149616	-0.4199861	0.0	0	0	255	0.010810144	0.020743849	0.0	255	0	0	
731	2	0.19031982	-0.41348115	0.0	0	0	255	0.010368292	0.020417335	0.0	255	0	0	
732	2	0.19905902	-0.4067496	0.0	0	0	255	0.0099309	0.02008023	0.0	255	0	0	
733	2	0.20770192	-0.3998175	0.0	0	0	255	0.009498283	0.019732777	0.0	255	0	0	
734	2	0.2162424	-0.39267865	0.0	0	0	255	0.009070707	0.019374976	0.0	255	0	0	
735	2	0.2246865	-0.38531935	0.0	0	0	255	0.008648399	0.019006828	0.0	255	0	0	
736	2	0.23300698	-0.377768	0.0	0	0	255	0.008231559	0.01862833	0.0	255	0	0	
737	2	0.24121682	-0.36998674	0.0	0	0	255	0.0078203585	0.018239487	0.0	255	0	0	
738	2	0.24929973	-0.36200824	0.0	0	0	255	0.0074156327	0.017840294	0.0	255	0	0	
739	2	0.25724486	-0.3538203	0.0	0	0	255	0.007017604	0.017430115	0.0	255	0	0	
740	2	0.26505476	-0.34541765	0.0	0	0	255	0.006626594	0.017009445	0.0	255	0	0	
741	2	0.27271864	-0.33682534	0.0	0	0	255	0.0062429323	0.016578617	0.0	255	0	0	
742	2	0.28022954	-0.32801297	0.0	0	0	255	0.005866905	0.016137676	0.0	255	0	0	
743	2	0.28758124	-0.31900376	0.0	0	0	255	0.005498914	0.01568673	0.0	255	0	0	
744	2	0.29476815	-0.30980742	0.0	0	0	255	0.005139311	0.015225855	0.0	255	0	0	
745	2	0.30177402	-0.30039543	0.0	0	0	255	0.004788548	0.014755157	0.0	255	0	0	
746	2	0.30858797	-0.29079443	0.0	0	0	255	0.0044468963	0.014274763	0.0	255	0	0	
747	2	0.31522012	-0.2810117	0.0	0	0	255	0.0041147224	0.013784824	0.0	255	0	0	
748	2	0.3216671	-0.2710409	0.0	0	0	255	0.003792499	0.013285538	0.0	255	0	0	
749	2	0.32788408	-0.26087314	0.0	0	0	255	0.0034804817	0.012777062	0.0	255	0	0	
750	2	0.33390722	-0.25053218	0.0	0	0	255	0.0031790847	0.012259631	0.0	255	0	0	
751	2	0.3397008	-0.24002074	0.0	0	0	255	0.002888642	0.011733525	0.0	255	0	0	
752	2	0.34527838	-0.22934203	0.0	0	0	255	0.00260953	0.011199065	0.0	255	0	0	
753	2	0.35060978	-0.21849497	0.0	0	0	255	0.0023420812	0.010656403	0.0	255	0	0	
754	2	0.35571456	-0.20749043	0.0	0	0	255	0.0020866608	0.010105486	0.0	255	0	0	
755	2	0.3605624	-0.19633491	0.0	0	0	255	0.0018435795	0.009547358	0.0	255	0	0	
756	2	0.36515623	-0.18503515	0.0	0	0	255	0.0016131776	0.008981718	0.0	255	0	0	
757	2	0.3694961	-0.17359678	0.0	0	0	255	0.001395764	0.008409352	0.0	255	0	0	
758	2	0.37357324	-0.16202222	0.0	0	0	255	0.0011916393	0.007830109	0.0	255	0	0	
759	2	0.37737346	-0.15032813	0.0	0	0	255	0.0010010885	0.0072449315	0.0	255	0	0	
760	2	0.38089323	-0.13851772	0.0	0	0	255	8.2439196E-4	0.0066538276	0.0	255	0	0	
761	2	0.38413265	-0.12660043	0.0	0	0	255	6.6180155E-4	0.006057433	0.0	255	0	0	
762	2	0.3870861	-0.114579275	0.0	0	0	255	5.1355816E-4	0.0054560634	0.0	255	0	0	
763	2	0.38974863	-0.10247106	0.0	0	0	255	3.7988598E-4	0.004850099	0.0	255	0	0	
764	2	0.39211598	-0.09028155	0.0	0	0	255	2.609867E-4	0.0042401245	0.0	255	0	0	
765	2	0.39418444	-0.07801916	0.0	0	0	255	1.5704284E-4	0.003626658	0.0	255	0	0	
766	2	0.39595082	-0.0656966	0.0	0	0	255	6.8215195E-5	0.0030098823	0.0	255	0	0	
767	2	0.3974125	-0.053316977	0.0	0	0	255	-5.3573694E-6	0.0023905118	0.0	255	0	0	
768	2	0.39856726	-0.040896147	0.0	0	0	255	-6.355923E-5	0.0017690005	0.0	255	0	0	
769	2	0.39941338	-0.028442506	0.0	0	0	255	-1.06297535E-4	0.0011458189	0.0	255	0	0	
770	2	0.39994952	-0.015966227	0.0	0	0	255	-1.3350292E-4	5.214931E-4	0.0	255	0	0	
771	2	0.40017077	-0.0034769261	0.0	0	0	255	-1.4513104E-4	-1.0348347E-4	0.0	255	0	0	
772	2	0.40007815	0.009014945	0.0	0	0	255	-1.4116202E-4	-7.2862586E-4	0.0	255	0	0	
773	2	0.39967436	0.021498922	0.0	0	0	255	-1.216008E-4	-0.0013533095	0.0	255	0	0	
774	2	0.39895993	0.033966314	0.0	0	0	255	-8.647698E-5	-0.0019771107	0.0	255	0	0	
775	2	0.39793593	0.04640462	0.0	0	0	255	-3.5844616E-5	-0.002599497	0.0	255	0	0	
776	2	0.39660376	0.058806263	0.0	0	0	255	3.0218265E-5	-0.0032200334	0.0	255	0	0	
777	2	0.3949653	0.07115896	0.0	0	0	255	1.1160921E-4	-0.0038381882	0.0	255	0	0	
778	2	0.39302287	0.083454296	0.0	0	0	255	2.0820285E-4	-0.004453608	0.0	255	0	0	
779	2	0.3907793	0.09568233	0.0	0	0	255	3.1985133E-4	-0.0050653475	0.0	255	0	0	
780	2	0.38823792	0.10783278	0.0	0	0	255	4.4638547E-4	-0.0056734476	0.0	255	0	0	
781	2	0.38540265	0.11989871	0.0	0	0	255	5.8761425E-4	-0.0062772124	0.0	255	0	0	
782	2	0.38227797	0.13186805	0.0	0	0	255	7.4332516E-4	-0.006876172	0.0	255	0	0	
783	2	0.378869	0.14373986	0.0	0	0	255	9.1328996E-4	-0.007469975	0.0	255	0	0	
784	2	0.37518165	0.15548885	0.0	0	0	255	0.0010972623	-0.008058361	0.0	255	0	0	
785	2	0.3712226	0.16712521	0.0	0	0	255	0.001294972	-0.008640604	0.0	255	0	0	
786	2	0.36698282	0.17863375	0.0	0	0	255	0.0015061449	-0.009216211	0.0	255	0	0	
787	2	0.36248162	0.19000238	0.0	0	0	255	0.0017304812	-0.009785576	0.0	255	0	0	
788	2	0.35772955	0.20123053	0.0	0	0	255	0.0019676914	-0.010347213	0.0	255	0	0	
789	2	0.35272938	0.21231031	0.0	0	0	255	0.0022174318	-0.010901752	0.0	255	0	0	
790	2	0.3474719	0.22323598	0.0	0	0	255	0.0024793837	-0.011448636	0.0	255	0	0	
791	2	0.3419923	0.23399676	0.0	0	0	255	0.0027532075	-0.01198704	0.0	255	0	0	
792	2	0.33626792	0.24459016	0.0	0	0	255	0.0030385596	-0.012517241	0.0	255	0	0	
793	2	0.3303341	0.25502092	0.0	0	0	255	0.0033350724	-0.013038883	0.0	255	0	0	
794	2	0.32416868	0.26525998	0.0	0	0	255	0.0036424056	-0.013551674	0.0	255	0	0	
795	2	0.3178114	0.27532315	0.0	0	0	255	0.0039601806	-0.0140553815	0.0	255	0	0	
796	2	0.31123796	0.2852075	0.0	0	0	255	0.0042880797	-0.01454978	0.0	255	0	0	
797	2	0.30447152	0.29489684	0.0	0	0	255	0.0046256725	-0.015034665	0.0	255	0	0	
798	2	0.29752585	0.3043839	0.0	0	0	255	0.0049726097	-0.015509894	0.0	255	0	0	
799	2	0.29040474	0.31368646	0.0	0	0	255	0.0053285053	-0.01597618	0.0	255	0	0	
800	2	0.2831049	0.32279032	0.0	0	0	255	0.005693009	-0.016431374	0.0	255	0	0	
801	2	0.27563477	0.33168018	0.0	0	0	255	0.006065809	-0.016876517	0.0	255	0	0	
802	2	0.26800987	0.3403804	0.0	0	0	255	0.0064464593	-0.017311547	0.0	255	0	0	
803	2	0.26023707	0.3488672	0.0	0	0	255	0.0068345983	-0.017736357	0.0	255	0	0	
804	2	0.252324	0.35714588	0.0	0	0	255	0.007229916	-0.018150935	0.0	255	0	0	
805	2	0.24425744	0.36522943	0.0	0	0	255	0.0076320637	-0.018555198	0.0	255	0	0	
806	2	0.2360778	0.37308094	0.0	0	0	255	0.008040492	-0.018949114	0.0	255	0	0	
807	2	0.22777195	0.3807404	0.0	0	0	255	0.0084553	-0.01933268	0.0	255	0	0	
808	2	0.21935178	0.38818058	0.0	0	0	255	0.008875931	-0.019705556	0.0	255	0	0	
809	2	0.21082218	0.39541072	0.0	0	0	255	0.009301866	-0.020067394	0.0	255	0	0	
810	2	0.20219718	0.4024368	0.0	0	0	255	0.009732882	-0.020418882	0.0	255	0	0	
811	2	0.19346458	0.40923658	0.0	0	0	255	0.010168713	-0.020760022	0.0	255	0	0	
812	2	0.18464576	0.4158443	0.0	0	0	255	0.010609049	-0.021090815	0.0	255	0	0	
813	2	0.17574488	0.42222506	0.0	0	0	255	0.011053523	-0.021411259	0.0	255	0	0	
814	2	0.16676663	0.4284056	0.0	0	0	255	0.011501658	-0.021721356	0.0	255	0	0	
815	2	0.15771656	0.43438056	0.0	0	0	255	0.011953349	-0.022021104	0.0	255	0	0	
816	2	0.14860156	0.44013646	0.0	0	0	255	0.012409218	-0.022310449	0.0	255	0	0	
817	2	0.13943182	0.44570163	0.0	0	0	255	0.012867347	-0.022588786	0.0	255	0	0	
818	2	0.1301931	0.45104763	0.0	0	0	255	0.013328352	-0.022857003	0.0	255	0	0	
819	2	0.12091284	0.45619372	0.0	0	0	255	0.013792253	-0.023115108	0.0	255	0	0	
820	2	0.111584246	0.46115142	0.0	0	0	255	0.014257914	-0.023363184	0.0	255	0	0	
821	2	0.10221576	0.46588498	0.0	0	0	255	0.014725675	-0.023601284	0.0	255	0	0	
822	2	0.09281202	0.47043064	0.0	0	0	255	0.015195993	-0.023829477	0.0	255	0	0	
823	2	0.083379775	0.47479048	0.0	0	0	255	0.01566672	-0.024047833	0.0	255	0	0	
824	2	0.07391754	0.47893345	0.0	0	0	255	0.016141694	-0.024256429	0.0	255	0	0	
825	2	0.0644303	0.48289043	0.0	0	0	255	0.016616669	-0.024455342	0.0	255	0	0	
826	2	0.054930065	0.48666498	0.0	0	0	255	0.017091643	-0.024644667	0.0	255	0	0	
827	2	0.045411948	0.49024382	0.0	0	0	255	0.017566618	-0.024824494	0.0	255	0	0	
828	2	0.035887025	0.49362645	0.0	0	0	255	0.018041592	-0.024994915	0.0	255	0	0	
829	2	0.026350282	0.4968308	0.0	0	0	255	0.018516567	-0.025156042	0.0	255	0	0	
830	2	0.016813539	0.49985808	0.0	0	0	255	0.018991541	-0.025307974	0.0	255	0	0	
831	2	0.007278421	0.5027035	0.0	0	0	255	0.019466516	-0.025450831	0.0	255	0	0	
832	2	-0.002252049	0.5053857	0.0	0	0	255	0.01994149	-0.025584728	0.0	255	0	0	
833	2	-0.011774902	0.50783527	0.0	0	0	255	0.020416465	-0.025709797	0.0	255	0	0	
834	2	-0.021287335	0.5101979	0.0	0	0	255	0.02089144	-0.025826164	0.0	255	0	0	
835	2	-0.0307861	0.51228404	0.0	0	0	255	0.021366414	-0.02593397	0.0	255	0	0	
836	2	-0.040267978	0.51427305	0.0	0	0	255	0.021841388	-0.026033359	0.0	255	0	0	
837	2	-0.049731385	0.5160612	0.0	0	0	255	0.022316363	-0.026124483	0.0	255	0	0	
838	2	-0.05917097	0.5176891	0.0	0	0	255	0.022791337	-0.026207503	0.0	255	0	0	
839	2	-0.06859165	0.5191792	0.0	0	0	255	0.023261487	-0.026282009	0.0	255	0	0	
840	2	-0.07797938	0.5204594	0.0	0	0	255	0.023727149	-0.026347775	0.0	255	0	0	
841	2	-0.08733796	0.5216515	0.0	0	0	255	0.02419281	-0.026405778	0.0	255	0	0	
842	2	-0.09666507	0.5225985	0.0	0	0	255	0.024658471	-0.0264562	0.0	255	0	0	
843	2	-0.105959564	0.5234926	0.0	0	0	255	0.025124133	-0.026499232	0.0	255	0	0	
844	2	-0.11521681	0.52412194	0.0	0	0	255	0.025589794	-0.026535079	0.0	255	0	0	
845	2	-0.124436796	0.524718	0.0	0	0	255	0.026048103	-0.026563019	0.0	255	0	0	
846	2	-0.13360329	0.5250466	0.0	0	0	255	0.026504451	-0.026582576	0.0	255	0	0	
847	2	-0.14274761	0.5253446	0.0	0	0	255	0.0269608	-0.026595382	0.0	255	0	0	
848	2	-0.15183732	0.5253906	0.0	0	0	255	0.027417148	-0.026601667	0.0	255	0	0	
849	2	-0.16088003	0.5253906	0.0	0	0	255	0.027869286	-0.026601667	0.0	255	0	0	
850	2	-0.16989195	0.5251737	0.0	0	0	255	0.02831632	-0.026592363	0.0	255	0	0	
851	2	-0.17883265	0.5248757	0.0	0	0	255	0.028763356	-0.026577042	0.0	255	0	0	
852	2	-0.18772943	0.5244173	0.0	0	0	255	0.02921039	-0.026555976	0.0	255	0	0	
853	2	-0.19658558	0.52382123	0.0	0	0	255	0.0296508	-0.026528036	0.0	255	0	0	
854	2	-0.20537727	0.5231444	0.0	0	0	255	0.030088522	-0.026492195	0.0	255	0	0	
855	2	-0.21410945	0.52225035	0.0	0	0	255	0.030526243	-0.026451195	0.0	255	0	0	
856	2	-0.22279197	0.5213563	0.0	0	0	255	0.03096097	-0.026404629	0.0	255	0	0	
857	2	-0.23142228	0.52018833	0.0	0	0	255	0.031389378	-0.026349474	0.0	255	0	0	
858	2	-0.23999044	0.51899624	0.0	0	0	255	0.031817786	-0.026289813	0.0	255	0	0	
859	2	-0.24848893	0.5176627	0.0	0	0	255	0.032246195	-0.02622462	0.0	255	0	0	
860	2	-0.25696933	0.5161726	0.0	0	0	255	0.032674603	-0.026151499	0.0	255	0	0	
861	2	-0.26531398	0.5146825	0.0	0	0	255	0.033090692	-0.026074605	0.0	255	0	0	
862	2	-0.27365863	0.51291555	0.0	0	0	255	0.033500474	-0.025990786	0.0	255	0	0	
863	2	-0.2818902	0.5111274	0.0	0	0	255	0.033910256	-0.02590121	0.0	255	0	0	
864	2	-0.29008585	0.5092583	0.0	0	0	255	0.034320038	-0.025808077	0.0	255	0	0	
865	2	-0.298211	0.5071721	0.0	0	0	255	0.03472982	-0.025706243	0.0	255	0	0	
866	2	-0.30625764	0.50508595	0.0	0	0	255	0.0351396	-0.025601912	0.0	255	0	0	
867	2	-0.31426322	0.50285333	0.0	0	0	255	0.035531282	-0.025490154	0.0	255	0	0	
868	2	-0.32216084	0.50046915	0.0	0	0	255	0.035922438	-0.025374502	0.0	255	0	0	
869	2	-0.33003727	0.49803764	0.0	0	0	255	0.036313593	-0.02525343	0.0	255	0	0	
870	2	-0.33778587	0.49550444	0.0	0	0	255	0.03670475	-0.025126966	0.0	255	0	0	
871	2	-0.3455286	0.49284863	0.0	0	0	255	0.037095904	-0.02499658	0.0	255	0	0	
872	2	-0.3531282	0.49012357	0.0	0	0	255	0.037474904	-0.024859877	0.0	255	0	0	
873	2	-0.3607278	0.48729235	0.0	0	0	255	0.037847433	-0.024720179	0.0	255	0	0	
874	2	-0.3681821	0.4843552	0.0	0	0	255	0.038219962	-0.024573827	0.0	255	0	0	
875	2	-0.37563267	0.4813615	0.0	0	0	255	0.03859249	-0.024424816	0.0	255	0	0	
876	2	-0.38294086	0.47823226	0.0	0	0	255	0.03896502	-0.024269456	0.0	255	0	0	
877	2	-0.39024243	0.47503996	0.0	0	0	255	0.03932669	-0.024111131	0.0	255	0	0	
878	2	-0.3974016	0.4717617	0.0	0	0	255	0.039680593	-0.023947453	0.0	255	0	0	
879	2	-0.40455416	0.4683784	0.0	0	0	255	0.040034495	-0.023779815	0.0	255	0	0	
880	2	-0.41155922	0.46495113	0.0	0	0	255	0.040388398	-0.02360859	0.0	255	0	0	
881	2	-0.41855526	0.46138495	0.0	0	0	255	0.0407423	-0.023431638	0.0	255	0	0	
882	2	-0.4254098	0.45779347	0.0	0	0	255	0.041083716	-0.023253702	0.0	255	0	0	
883	2	-0.4322478	0.45406818	0.0	0	0	255	0.041418992	-0.023067437	0.0	255	0	0	
884	2	-0.4389533	0.45031154	0.0	0	0	255	0.041754268	-0.022881173	0.0	255	0	0	
885	2	-0.445626	0.44643724	0.0	0	0	255	0.042089544	-0.022688104	0.0	255	0	0	
886	2	-0.4521825	0.44252646	0.0	0	0	255	0.04242482	-0.022492526	0.0	255	0	0	
887	2	-0.45868865	0.43850315	0.0	0	0	255	0.04274278	-0.022294646	0.0	255	0	0	
888	2	-0.46509615	0.43444836	0.0	0	0	255	0.04305943	-0.022089755	0.0	255	0	0	
889	2	-0.47143576	0.43027604	0.0	0	0	255	0.04337608	-0.021884864	0.0	255	0	0	
890	2	-0.47769424	0.42608887	0.0	0	0	255	0.04369273	-0.021673994	0.0	255	0	0	
891	2	-0.48386577	0.42176753	0.0	0	0	255	0.044004694	-0.02145979	0.0	255	0	0	
892	2	-0.48997524	0.4174462	0.0	0	0	255	0.044302717	-0.021245586	0.0	255	0	0	
893	2	-0.49597222	0.41299057	0.0	0	0	255	0.04460074	-0.021022938	0.0	255	0	0	
894	2	-0.5019327	0.40852022	0.0	0	0	255	0.044898763	-0.02079942	0.0	255	0	0	
895	2	-0.5078895	0.40396094	0.0	0	0	255	0.045196787	-0.020575771	0.0	255	0	0	
896	2	-0.51355195	0.39934158	0.0	0	0	255	0.04548214	-0.02034294	0.0	255	0	0	
897	2	-0.5192144	0.3946942	0.0	0	0	255	0.045761537	-0.02011011	0.0	255	0	0	
898	2	-0.52487683	0.38992584	0.0	0	0	255	0.046040934	-0.01987728	0.0	255	0	0	
899	2	-0.5304335	0.38515747	0.0	0	0	255	0.04632033	-0.01963556	0.0	255	0	0	
900	2	-0.5357979	0.3802901	0.0	0	0	255	0.0465977	-0.019393416	0.0	255	0	0	
901	2	-0.5411623	0.3753727	0.0	0	0	255	0.04685847	-0.019151272	0.0	255	0	0	
902	2	-0.54652673	0.37045503	0.0	0	0	255	0.04711924	-0.018902782	0.0	255	0	0	
903	2	-0.55166525	0.36538863	0.0	0	0	255	0.04738001	-0.018651325	0.0	255	0	0	
904	2	-0.55673164	0.36032224	0.0	0	0	255	0.04764078	-0.018399868	0.0	255	0	0	
905	2	-0.56179804	0.35522962	0.0	0	0	255	0.04788993	-0.018146627	0.0	255	0	0	
906	2	-0.5668041	0.3500142	0.0	0	0	255	0.048132073	-0.017885856	0.0	255	0	0	
907	2	-0.5715725	0.3447988	0.0	0	0	255	0.048374217	-0.017625086	0.0	255	0	0	
908	2	-0.57634085	0.3395564	0.0	0	0	255	0.04861636	-0.017364316	0.0	255	0	0	
909	2	-0.5811092	0.33419198	0.0	0	0	255	0.048854798	-0.017099788	0.0	255	0	0	
910	2	-0.58568484	0.32882756	0.0	0	0	255	0.049078315	-0.016829705	0.0	255	0	0	
911	2	-0.5901552	0.32346314	0.0	0	0	255	0.049301833	-0.016559621	0.0	255	0	0	
912	2	-0.59462553	0.31795517	0.0	0	0	255	0.04952535	-0.016289538	0.0	255	0	0	
913	2	-0.5990687	0.31244174	0.0	0	0	255	0.049748868	-0.016016906	0.0	255	0	0	
914	2	-0.603241	0.3069283	0.0	0	0	255	0.04995776	-0.01573751	0.0	255	0	0	
915	2	-0.60741335	0.30134085	0.0	0	0	255	0.05016265	-0.015458113	0.0	255	0	0	
916	2	-0.6115857	0.2956784	0.0	0	0	255	0.05036754	-0.015178716	0.0	255	0	0	
917	2	-0.6155983	0.29001597	0.0	0	0	255	0.050572433	-0.014895123	0.0	255	0	0	
918	2	-0.6194726	0.28435352	0.0	0	0	255	0.050770406	-0.01461107	0.0	255	0	0	
919	2	-0.6233469	0.27858585	0.0	0	0	255	0.05095667	-0.014324844	0.0	255	0	0	
920	2	-0.6272183	0.2727744	0.0	0	0	255	0.051142935	-0.014036134	0.0	255	0	0	
921	2	-0.6307946	0.26696295	0.0	0	0	255	0.0513292	-0.013747424	0.0	255	0	0	
922	2	-0.63437086	0.2611515	0.0	0	0	255	0.051515464	-0.013454614	0.0	255	0	0	
923	2	-0.63794714	0.2552612	0.0	0	0	255	0.05168389	-0.013161248	0.0	255	0	0	
924	2	-0.6413735	0.24930075	0.0	0	0	255	0.05185153	-0.012867378	0.0	255	0	0	
925	2	-0.6446518	0.24334028	0.0	0	0	255	0.052019168	-0.012569355	0.0	255	0	0	
926	2	-0.64793	0.23737834	0.0	0	0	255	0.052186806	-0.012271332	0.0	255	0	0	
927	2	-0.6512083	0.23134337	0.0	0	0	255	0.05234349	-0.01197284	0.0	255	0	0	
928	2	-0.6541897	0.2253084	0.0	0	0	255	0.052492503	-0.01167016	0.0	255	0	0	
929	2	-0.65716994	0.21923804	0.0	0	0	255	0.052641515	-0.01136748	0.0	255	0	0	
930	2	-0.6601502	0.21312857	0.0	0	0	255	0.052790526	-0.0110648	0.0	255	0	0	
931	2	-0.6629846	0.20701909	0.0	0	0	255	0.0529349	-0.010758444	0.0	255	0	0	
932	2	-0.6656668	0.20085686	0.0	0	0	255	0.053065285	-0.010451107	0.0	255	0	0	
933	2	-0.668349	0.19467288	0.0	0	0	255	0.05319567	-0.010143771	0.0	255	0	0	
934	2	-0.67103124	0.1884889	0.0	0	0	255	0.053326055	-0.0098361075	0.0	255	0	0	
935	2	-0.67342067	0.18225588	0.0	0	0	255	0.05345644	-0.009524114	0.0	255	0	0	
936	2	-0.67580485	0.17599739	0.0	0	0	255	0.053569876	-0.009212121	0.0	255	0	0	
937	2	-0.67818904	0.1697389	0.0	0	0	255	0.053681634	-0.008900128	0.0	255	0	0	
938	2	-0.6804233	0.16346286	0.0	0	0	255	0.053793393	-0.008588135	0.0	255	0	0	
939	2	-0.6825095	0.15712987	0.0	0	0	255	0.05390515	-0.008272519	0.0	255	0	0	
940	2	-0.68459564	0.15079688	0.0	0	0	255	0.054006275	-0.00795587	0.0	255	0	0	
941	2	-0.68666923	0.14446388	0.0	0	0	255	0.054099407	-0.00763922	0.0	255	0	0	
942	2	-0.68845737	0.13811386	0.0	0	0	255	0.05419254	-0.0073225703	0.0	255	0	0	
943	2	-0.6902455	0.13170636	0.0	0	0	255	0.05428567	-0.0070036585	0.0	255	0	0	
944	2	-0.69203365	0.12529886	0.0	0	0	255	0.054374482	-0.0066846805	0.0	255	0	0	
945	2	-0.69365513	0.11889136	0.0	0	0	255	0.05444899	-0.0063657025	0.0	255	0	0	
946	2	-0.69514525	0.11246136	0.0	0	0	255	0.054523494	-0.0060444986	0.0	255	0	0	
947	2	-0.69663537	0.106016606	0.0	0	0	255	0.054598	-0.0057231924	0.0	255	0	0	
948	2	-0.6981028	0.099571854	0.0	0	0	255	0.054672506	-0.005401886	0.0	255	0	0	
949	2	-0.69929487	0.09310059	0.0	0	0	255	0.054730374	-0.005079794	0.0	255	0	0	
950	2	-0.70048696	0.08661859	0.0	0	0	255	0.054786254	-0.0047561596	0.0	255	0	0	
951	2	-0.70167905	0.08013658	0.0	0	0	255	0.054842133	-0.004432525	0.0	255	0	0	
952	2	-0.70269436	0.073650576	0.0	0	0	255	0.054898012	-0.0041088904	0.0	255	0	0	
953	2	-0.7035884	0.06713132	0.0	0	0	255	0.05494357	-0.0037848204	0.0	255	0	0	
954	2	-0.7044825	0.06061206	0.0	0	0	255	0.054980822	-0.0034600217	0.0	255	0	0	
955	2	-0.705341	0.054092802	0.0	0	0	255	0.055018075	-0.003135223	0.0	255	0	0	
956	2	-0.705937	0.0475657	0.0	0	0	255	0.055055328	-0.0028095283	0.0	255	0	0	
957	2	-0.7065331	0.041027814	0.0	0	0	255	0.055088572	-0.0024835654	0.0	255	0	0	
958	2	-0.7071291	0.03448993	0.0	0	0	255	0.0551072	-0.0021576025	0.0	255	0	0	
959	2	-0.7075322	0.027947346	0.0	0	0	255	0.055125825	-0.0018315073	0.0	255	0	0	
960	2	-0.70783025	0.021400148	0.0	0	0	255	0.05514445	-0.0015049623	0.0	255	0	0	
961	2	-0.7081283	0.01485295	0.0	0	0	255	0.055163078	-0.0011784174	0.0	255	0	0	
962	2	-0.7083753	0.008301587	0.0	0	0	255	0.05516546	-8.518724E-4	0.0	255	0	0	
963	2	-0.7083753	0.0017500977	0.0	0	0	255	0.05516546	-5.253274E-4	0.0	255	0	0	
964	2	-0.7083753	-0.0048010643	0.0	0	0	255	0.05516546	-1.9866355E-4	0.0	255	0	0	
965	2	-0.7083753	-0.011352918	0.0	0	0	255	0.05516546	1.2797618E-4	0.0	255	0	0	
966	2	-0.70816797	-0.017902708	0.0	0	0	255	0.055155616	4.5455206E-4	0.0	255	0	0	
967	2	-0.70786995	-0.024449905	0.0	0	0	255	0.05513699	7.81065E-4	0.0	255	0	0	
968	2	-0.7075719	-0.030997103	0.0	0	0	255	0.055118363	0.0011073716	0.0	255	0	0	
969	2	-0.70720875	-0.037535347	0.0	0	0	255	0.055099737	0.0014333345	0.0	255	0	0	
970	2	-0.7066127	-0.04407323	0.0	0	0	255	0.055077724	0.0017592974	0.0	255	0	0	
971	2	-0.70601666	-0.050611116	0.0	0	0	255	0.05504047	0.0020851674	0.0	255	0	0	
972	2	-0.7054206	-0.05713199	0.0	0	0	255	0.05500322	0.0024104728	0.0	255	0	0	
973	2	-0.7046036	-0.06365125	0.0	0	0	255	0.054965965	0.0027352716	0.0	255	0	0	
974	2	-0.70370954	-0.07017051	0.0	0	0	255	0.054928713	0.0030600703	0.0	255	0	0	
975	2	-0.7028155	-0.076681435	0.0	0	0	255	0.054875825	0.0033843252	0.0	255	0	0	
976	2	-0.7018444	-0.08316344	0.0	0	0	255	0.054819945	0.0037079598	0.0	255	0	0	
977	2	-0.7006523	-0.089645445	0.0	0	0	255	0.054764066	0.0040315944	0.0	255	0	0	
978	2	-0.6994602	-0.09612745	0.0	0	0	255	0.054708187	0.004355229	0.0	255	0	0	
979	2	-0.6982681	-0.10258655	0.0	0	0	255	0.054643255	0.004676564	0.0	255	0	0	
980	2	-0.69684494	-0.109031305	0.0	0	0	255	0.05456875	0.0049978704	0.0	255	0	0	
981	2	-0.6953548	-0.11547606	0.0	0	0	255	0.054494243	0.0053191767	0.0	255	0	0	
982	2	-0.6938647	-0.1218941	0.0	0	0	255	0.054419737	0.0056396388	0.0	255	0	0	
983	2	-0.69228745	-0.1283016	0.0	0	0	255	0.054342493	0.0059586167	0.0	255	0	0	
984	2	-0.6904993	-0.1347091	0.0	0	0	255	0.05424936	0.0062775947	0.0	255	0	0	
985	2	-0.68871117	-0.1411102	0.0	0	0	255	0.05415623	0.006595783	0.0	255	0	0	
986	2	-0.686923	-0.14744319	0.0	0	0	255	0.054063097	0.0069124326	0.0	255	0	0	
987	2	-0.68489367	-0.15377618	0.0	0	0	255	0.053969964	0.0072290823	0.0	255	0	0	
988	2	-0.6828075	-0.16010918	0.0	0	0	255	0.05386217	0.007544166	0.0	255	0	0	
989	2	-0.68072134	-0.16643727	0.0	0	0	255	0.05375041	0.007858147	0.0	255	0	0	
990	2	-0.67854464	-0.17269576	0.0	0	0	255	0.053638652	0.00817014	0.0	255	0	0	
991	2	-0.67616045	-0.17895424	0.0	0	0	255	0.053526893	0.008482133	0.0	255	0	0	
992	2	-0.67377627	-0.18521273	0.0	0	0	255	0.053407475	0.008794126	0.0	255	0	0	
993	2	-0.6713921	-0.1914239	0.0	0	0	255	0.05327709	0.009105085	0.0	255	0	0	
994	2	-0.6687704	-0.19760787	0.0	0	0	255	0.053146705	0.009412422	0.0	255	0	0	
995	2	-0.66608816	-0.20379186	0.0	0	0	255	0.05301632	0.009719758	0.0	255	0	0	
996	2	-0.66340595	-0.2099329	0.0	0	0	255	0.052884627	0.010027095	0.0	255	0	0	
997	2	-0.66063726	-0.21604237	0.0	0	0	255	0.052735616	0.010332143	0.0	255	0	0	
998	2	-0.657657	-0.22215185	0.0	0	0	255	0.052586604	0.010634823	0.0	255	0	0	
999	2	-0.6546768	-0.22820176	0.0	0	0	255	0.052437592	0.010937503	0.0	255	0	0	
1000	2	-0.65169656	-0.23423673	0.0	0	0	255	0.05228858	0.011239399	0.0	255	0	0	
1001	2	-0.64848286	-0.24025345	0.0	0	0	255	0.052127305	0.011537422	0.0	255	0	0	
1002	2	-0.6452046	-0.24621391	0.0	0	0	255	0.051959667	0.011835446	0.0	255	0	0	
1003	2	-0.64192635	-0.25217438	0.0	0	0	255	0.05179203	0.01213278	0.0	255	0	0	
1004	2	-0.6385657	-0.25813484	0.0	0	0	255	0.05162439	0.012426146	0.0	255	0	0	
1005	2	-0.63498944	-0.2639872	0.0	0	0	255	0.051452197	0.012719513	0.0	255	0	0	
1006	2	-0.63141316	-0.26979867	0.0	0	0	255	0.051265933	0.013011194	0.0	255	0	0	
1007	2	-0.6278369	-0.27561012	0.0	0	0	255	0.051079668	0.013299904	0.0	255	0	0	
1008	2	-0.62403125	-0.28142157	0.0	0	0	255	0.050893404	0.013588614	0.0	255	0	0	
1009	2	-0.62015694	-0.28715464	0.0	0	0	255	0.05070714	0.013873778	0.0	255	0	0	
1010	2	-0.61628264	-0.2928171	0.0	0	0	255	0.0505054	0.014157832	0.0	255	0	0	
1011	2	-0.612339	-0.29847953	0.0	0	0	255	0.05030051	0.0144404275	0.0	255	0	0	
1012	2	-0.6081667	-0.30414197	0.0	0	0	255	0.050095618	0.014719824	0.0	255	0	0	
1013	2	-0.60399437	-0.30969822	0.0	0	0	255	0.049890727	0.0149990935	0.0	255	0	0	
1014	2	-0.59982204	-0.31521165	0.0	0	0	255	0.04967807	0.015273834	0.0	255	0	0	
1015	2	-0.5954479	-0.32072508	0.0	0	0	255	0.04945455	0.015548574	0.0	255	0	0	
1016	2	-0.59097755	-0.32620367	0.0	0	0	255	0.049231034	0.015819313	0.0	255	0	0	
1017	2	-0.5865072	-0.3315681	0.0	0	0	255	0.049007516	0.016089397	0.0	255	0	0	
1018	2	-0.5820006	-0.3369325	0.0	0	0	255	0.048784	0.01635948	0.0	255	0	0	
1019	2	-0.57723224	-0.34229693	0.0	0	0	255	0.048542343	0.016622284	0.0	255	0	0	
1020	2	-0.57246387	-0.34751353	0.0	0	0	255	0.0483002	0.016883055	0.0	255	0	0	
1021	2	-0.5676955	-0.35272893	0.0	0	0	255	0.048058055	0.017143825	0.0	255	0	0	
1022	2	-0.56275845	-0.35794434	0.0	0	0	255	0.04781591	0.017404595	0.0	255	0	0	
1023	2	-0.55769205	-0.3630129	0.0	0	0	255	0.047564656	0.017656397	0.0	255	0	0	
1024	2	-0.55262566	-0.3680793	0.0	0	0	255	0.047303885	0.017907854	0.0	255	0	0	
1025	2	-0.54755926	-0.37312374	0.0	0	0	255	0.047043115	0.018159311	0.0	255	0	0	
1026	2	-0.5422015	-0.37804112	0.0	0	0	255	0.046782345	0.0184065	0.0	255	0	0	
1027	2	-0.5368371	-0.3829585	0.0	0	0	255	0.046521574	0.018648643	0.0	255	0	0	
1028	2	-0.5314727	-0.3878072	0.0	0	0	255	0.04624371	0.018890787	0.0	255	0	0	
1029	2	-0.5260128	-0.39257556	0.0	0	0	255	0.04596431	0.019131297	0.0	255	0	0	
1030	2	-0.52035034	-0.39734393	0.0	0	0	255	0.045684915	0.019364128	0.0	255	0	0	
1031	2	-0.5146879	-0.40197444	0.0	0	0	255	0.04540552	0.019596959	0.0	255	0	0	
1032	2	-0.50902545	-0.4065938	0.0	0	0	255	0.04511967	0.019828917	0.0	255	0	0	
1033	2	-0.50316536	-0.411138	0.0	0	0	255	0.044821646	0.020052435	0.0	255	0	0	
1034	2	-0.4972049	-0.41560835	0.0	0	0	255	0.044523623	0.020275952	0.0	255	0	0	
1035	2	-0.49124444	-0.42005068	0.0	0	0	255	0.0442256	0.020497747	0.0	255	0	0	
1036	2	-0.48514754	-0.42437202	0.0	0	0	255	0.043927576	0.020711951	0.0	255	0	0	
1037	2	-0.4790331	-0.42869335	0.0	0	0	255	0.04361526	0.020926155	0.0	255	0	0	
1038	2	-0.47277462	-0.43287063	0.0	0	0	255	0.04329861	0.021136373	0.0	255	0	0	
1039	2	-0.46649364	-0.43704295	0.0	0	0	255	0.04298196	0.021341264	0.0	255	0	0	
1040	2	-0.46008614	-0.44108975	0.0	0	0	255	0.04266531	0.021546155	0.0	255	0	0	
1041	2	-0.4536386	-0.44511306	0.0	0	0	255	0.04234816	0.021743521	0.0	255	0	0	
1042	2	-0.4470821	-0.4490176	0.0	0	0	255	0.042012885	0.021939099	0.0	255	0	0	
1043	2	-0.44046926	-0.45289192	0.0	0	0	255	0.04167761	0.02213183	0.0	255	0	0	
1044	2	-0.43376374	-0.4566435	0.0	0	0	255	0.041342333	0.022318095	0.0	255	0	0	
1045	2	-0.42699286	-0.46036878	0.0	0	0	255	0.041007057	0.02250436	0.0	255	0	0	
1046	2	-0.42013833	-0.46395743	0.0	0	0	255	0.04066726	0.022682123	0.0	255	0	0	
1047	2	-0.4132094	-0.4675228	0.0	0	0	255	0.040313356	0.022859074	0.0	255	0	0	
1048	2	-0.40620586	-0.47095007	0.0	0	0	255	0.039959453	0.02303026	0.0	255	0	0	
1049	2	-0.39912125	-0.47433427	0.0	0	0	255	0.03960555	0.023197899	0.0	255	0	0	
1050	2	-0.3919687	-0.47761253	0.0	0	0	255	0.039251648	0.023361685	0.0	255	0	0	
1051	2	-0.38473508	-0.4808076	0.0	0	0	255	0.03889179	0.02352001	0.0	255	0	0	
1052	2	-0.3774335	-0.48393685	0.0	0	0	255	0.03851926	0.023675641	0.0	255	0	0	
1053	2	-0.370051	-0.4869353	0.0	0	0	255	0.03814673	0.023824653	0.0	255	0	0	
1054	2	-0.36260042	-0.48987913	0.0	0	0	255	0.0377742	0.023971418	0.0	255	0	0	
1055	2	-0.3550785	-0.49271035	0.0	0	0	255	0.037401672	0.024111116	0.0	255	0	0	
1056	2	-0.3474789	-0.4954437	0.0	0	0	255	0.037025314	0.024248362	0.0	255	0	0	
1057	2	-0.3398194	-0.4981094	0.0	0	0	255	0.03663416	0.024378747	0.0	255	0	0	
1058	2	-0.3320708	-0.5006048	0.0	0	0	255	0.036243003	0.024505874	0.0	255	0	0	
1059	2	-0.32428217	-0.502989	0.0	0	0	255	0.035851847	0.024626946	0.0	255	0	0	
1060	2	-0.31638455	-0.5053732	0.0	0	0	255	0.035460692	0.024743399	0.0	255	0	0	
1061	2	-0.30846676	-0.50763416	0.0	0	0	255	0.035069536	0.024855157	0.0	255	0	0	
1062	2	-0.30042014	-0.5097203	0.0	0	0	255	0.03466314	0.024960417	0.0	255	0	0	
1063	2	-0.2923735	-0.5118065	0.0	0	0	255	0.03425336	0.025062863	0.0	255	0	0	
1064	2	-0.2841991	-0.51371026	0.0	0	0	255	0.033843577	0.025156436	0.0	255	0	0	
1065	2	-0.27600345	-0.5154984	0.0	0	0	255	0.033433795	0.025247185	0.0	255	0	0	
1066	2	-0.2677226	-0.51728654	0.0	0	0	255	0.033024013	0.025331004	0.0	255	0	0	
1067	2	-0.25937796	-0.51879627	0.0	0	0	255	0.03261283	0.025409186	0.0	255	0	0	
1068	2	-0.25100905	-0.5202864	0.0	0	0	255	0.032184422	0.025483692	0.0	255	0	0	
1069	2	-0.24254026	-0.5216666	0.0	0	0	255	0.031756014	0.025548905	0.0	255	0	0	
1070	2	-0.234023	-0.5228587	0.0	0	0	255	0.031327605	0.025610082	0.0	255	0	0	
1071	2	-0.22545177	-0.5240508	0.0	0	0	255	0.030899197	0.025665961	0.0	255	0	0	
1072	2	-0.2168091	-0.5249731	0.0	0	0	255	0.030467229	0.02571343	0.0	255	0	0	
1073	2	-0.20811369	-0.52586716	0.0	0	0	255	0.030029507	0.025756167	0.0	255	0	0	
1074	2	-0.19936861	-0.52660185	0.0	0	0	255	0.029591786	0.02579342	0.0	255	0	0	
1075	2	-0.19057693	-0.5271979	0.0	0	0	255	0.029154064	0.025821792	0.0	255	0	0	
1076	2	-0.1817142	-0.52771956	0.0	0	0	255	0.028707525	0.025844807	0.0	255	0	0	
1077	2	-0.17281085	-0.5280176	0.0	0	0	255	0.02826049	0.025862178	0.0	255	0	0	
1078	2	-0.16387016	-0.52830285	0.0	0	0	255	0.027813455	0.025871491	0.0	255	0	0	
1079	2	-0.1548576	-0.52830285	0.0	0	0	255	0.027364934	0.025873631	0.0	255	0	0	
1080	2	-0.14581525	-0.52830285	0.0	0	0	255	0.026908586	0.025869595	0.0	255	0	0	
1081	2	-0.13672554	-0.5280322	0.0	0	0	255	0.026452238	0.025859134	0.0	255	0	0	
1082	2	-0.1275895	-0.52773416	0.0	0	0	255	0.02599589	0.025840508	0.0	255	0	0	
1083	2	-0.118415594	-0.52718574	0.0	0	0	255	0.025539542	0.025814073	0.0	255	0	0	
1084	2	-0.10920444	-0.5265897	0.0	0	0	255	0.025076212	0.025780756	0.0	255	0	0	
1085	2	-0.099956036	-0.52574515	0.0	0	0	255	0.024610551	0.025740342	0.0	255	0	0	
1086	2	-0.090675466	-0.5248511	0.0	0	0	255	0.02414489	0.025692629	0.0	255	0	0	
1087	2	-0.08136224	-0.5236935	0.0	0	0	255	0.023679228	0.02563675	0.0	255	0	0	
1088	2	-0.072013274	-0.5225014	0.0	0	0	255	0.023213567	0.02557223	0.0	255	0	0	
1089	2	-0.062639475	-0.521015	0.0	0	0	255	0.022747906	0.025500031	0.0	255	0	0	
1090	2	-0.053242054	-0.51948315	0.0	0	0	255	0.022273907	0.025419977	0.0	255	0	0	
1091	2	-0.04382228	-0.517695	0.0	0	0	255	0.021798933	0.025331898	0.0	255	0	0	
1092	2	-0.034382105	-0.5158062	0.0	0	0	255	0.021323958	0.025235634	0.0	255	0	0	
1093	2	-0.024924489	-0.51372004	0.0	0	0	255	0.020848984	0.025131034	0.0	255	0	0	
1094	2	-0.015452165	-0.5114616	0.0	0	0	255	0.02037401	0.025017949	0.0	255	0	0	
1095	2	-0.0059683844	-0.5090774	0.0	0	0	255	0.019899035	0.024896236	0.0	255	0	0	
1096	2	0.0035238944	-0.5064379	0.0	0	0	255	0.01942406	0.02476577	0.0	255	0	0	
1097	2	0.0130218845	-0.5037044	0.0	0	0	255	0.018949086	0.024626072	0.0	255	0	0	
1098	2	0.022521375	-0.5007242	0.0	0	0	255	0.018474111	0.024477405	0.0	255	0	0	
1099	2	0.032020863	-0.49761423	0.0	0	0	255	0.017999137	0.024319736	0.0	255	0	0	
1100	2	0.041518465	-0.49429077	0.0	0	0	255	0.017524162	0.024152946	0.0	255	0	0	
1101	2	0.05099933	-0.4907889	0.0	0	0	255	0.017049188	0.02397693	0.0	255	0	0	
1102	2	0.060471557	-0.48710763	0.0	0	0	255	0.016574213	0.023791576	0.0	255	0	0	
1103	2	0.069933794	-0.48322603	0.0	0	0	255	0.016099239	0.023596795	0.0	255	0	0	
1104	2	0.07936448	-0.47914964	0.0	0	0	255	0.015624272	0.023392491	0.0	255	0	0	
1105	2	0.08877718	-0.47489014	0.0	0	0	255	0.015153954	0.023178473	0.0	255	0	0	
1106	2	0.09816142	-0.47043768	0.0	0	0	255	0.014683636	0.022954399	0.0	255	0	0	
1107	2	0.10751049	-0.4657727	0.0	0	0	255	0.014214695	0.022720478	0.0	255	0	0	
1108	2	0.11681979	-0.46092162	0.0	0	0	255	0.013749034	0.022476627	0.0	255	0	0	
1109	2	0.12608598	-0.45587328	0.0	0	0	255	0.013283709	0.022222787	0.0	255	0	0	
1110	2	0.13531545	-0.45060834	0.0	0	0	255	0.012822704	0.021958925	0.0	255	0	0	
1111	2	0.14447966	-0.44515502	0.0	0	0	255	0.012362965	0.02168495	0.0	255	0	0	
1112	2	0.15358588	-0.43949115	0.0	0	0	255	0.011906617	0.021400865	0.0	255	0	0	
1113	2	0.16263206	-0.4336178	0.0	0	0	255	0.011453686	0.02110657	0.0	255	0	0	
1114	2	0.17161056	-0.42755356	0.0	0	0	255	0.011003729	0.020802042	0.0	255	0	0	
1115	2	0.18051472	-0.42126	0.0	0	0	255	0.010557358	0.020487282	0.0	255	0	0	
1116	2	0.18933907	-0.41477162	0.0	0	0	255	0.010115047	0.02016213	0.0	255	0	0	
1117	2	0.19807939	-0.4080732	0.0	0	0	255	0.009677325	0.019825706	0.0	255	0	0	
1118	2	0.2067257	-0.40115762	0.0	0	0	255	0.009244124	0.019478936	0.0	255	0	0	
1119	2	0.21526842	-0.39405	0.0	0	0	255	0.008816045	0.019121816	0.0	255	0	0	
1120	2	0.22371507	-0.38670918	0.0	0	0	255	0.008393252	0.01875435	0.0	255	0	0	
1121	2	0.23204151	-0.3791744	0.0	0	0	255	0.00797592	0.018376535	0.0	255	0	0	
1122	2	0.24025837	-0.37142628	0.0	0	0	255	0.007563865	0.017988373	0.0	255	0	0	
1123	2	0.24834514	-0.36346433	0.0	0	0	255	0.0071585877	0.017589862	0.0	255	0	0	
1124	2	0.2562935	-0.35531032	0.0	0	0	255	0.006759861	0.017181069	0.0	255	0	0	
1125	2	0.2641122	-0.3469255	0.0	0	0	255	0.0063680257	0.016761197	0.0	255	0	0	
1126	2	0.27178562	-0.33835077	0.0	0	0	255	0.005983426	0.01633112	0.0	255	0	0	
1127	2	0.2793066	-0.3295742	0.0	0	0	255	0.005606564	0.01589093	0.0	255	0	0	
1128	2	0.28666884	-0.32058316	0.0	0	0	255	0.0052376175	0.015441516	0.0	255	0	0	
1129	2	0.2938668	-0.311405	0.0	0	0	255	0.0048770765	0.014981422	0.0	255	0	0	
1130	2	0.30089554	-0.3020302	0.0	0	0	255	0.004525214	0.0145115135	0.0	255	0	0	
1131	2	0.30772203	-0.29244816	0.0	0	0	255	0.004182448	0.01403192	0.0	255	0	0	
1132	2	0.3143666	-0.28268442	0.0	0	0	255	0.0038491494	0.013542794	0.0	255	0	0	
1133	2	0.32082638	-0.27274114	0.0	0	0	255	0.0035256497	0.0130443275	0.0	255	0	0	
1134	2	0.32706973	-0.26260433	0.0	0	0	255	0.0032123546	0.012536681	0.0	255	0	0	
1135	2	0.3331064	-0.25228322	0.0	0	0	255	0.002909601	0.012020083	0.0	255	0	0	
1136	2	0.3389278	-0.24179187	0.0	0	0	255	0.0026177708	0.011494816	0.0	255	0	0	
1137	2	0.34451964	-0.23113349	0.0	0	0	255	0.0023371954	0.010961197	0.0	255	0	0	
1138	2	0.3498801	-0.22031182	0.0	0	0	255	0.002068236	0.010418958	0.0	255	0	0	
1139	2	0.35500965	-0.20933136	0.0	0	0	255	0.0018112264	0.009868884	0.0	255	0	0	
1140	2	0.3598778	-0.19819728	0.0	0	0	255	0.0015665147	0.009311599	0.0	255	0	0	
1141	2	0.36450255	-0.18691552	0.0	0	0	255	0.0013344232	0.008746376	0.0	255	0	0	
1142	2	0.36887392	-0.17549391	0.0	0	0	255	0.0011152636	0.008174845	0.0	255	0	0	
1143	2	0.37297344	-0.1639415	0.0	0	0	255	9.093382E-4	0.0075962753	0.0	255	0	0	
1144	2	0.37679955	-0.15227	0.0	0	0	255	7.1693724E-4	0.007011624	0.0	255	0	0	
1145	2	0.3803522	-0.14047107	0.0	0	0	255	5.383357E-4	0.006420995	0.0	255	0	0	
1146	2	0.383625	-0.12857404	0.0	0	0	255	3.7379243E-4	0.005824986	0.0	255	0	0	
1147	2	0.38661224	-0.11656742	0.0	0	0	255	2.2355022E-4	0.005223986	0.0	255	0	0	
1148	2	0.38930902	-0.10447204	0.0	0	0	255	8.78338E-5	0.004618372	0.0	255	0	0	
1149	2	0.391711	-0.09229513	0.0	0	0	255	-3.3152926E-5	0.004008722	0.0	255	0	0	
1150	2	0.39381444	-0.08004576	0.0	0	0	255	-1.3922415E-4	0.003395289	0.0	255	0	0	
1151	2	0.39561614	-0.06773232	0.0	0	0	255	-2.302153E-4	0.0027786908	0.0	255	0	0	
1152	2	0.39711347	-0.055363048	0.0	0	0	255	-3.0598408E-4	0.002159401	0.0	255	0	0	
1153	2	0.3983042	-0.0429509	0.0	0	0	255	-3.6641123E-4	0.0015379558	0.0	255	0	0	
1154	2	0.39918655	-0.03050299	0.0	0	0	255	-4.114003E-4	9.147176E-4	0.0	255	0	0	
1155	2	0.39975923	-0.01803158	0.0	0	0	255	-4.4087917E-4	2.9026673E-4	0.0	255	0	0	
1156	2	0.40002137	-0.005546159	0.0	0	0	255	-4.5479974E-4	-3.3488774E-4	0.0	255	0	0	
1157	2	0.3999725	0.0069435234	0.0	0	0	255	-4.5313837E-4	-9.603121E-4	0.0	255	0	0	
1158	2	0.39961255	0.019427277	0.0	0	0	255	-4.358962E-4	-0.0015853756	0.0	255	0	0	
1159	2	0.39893728	0.031894863	0.0	0	0	255	-4.030992E-4	-0.0022096455	0.0	255	0	0	
1160	2	0.3979512	0.04433511	0.0	0	0	255	-3.547974E-4	-0.002832579	0.0	255	0	0	
1161	2	0.3966571	0.05673957	0.0	0	0	255	-2.9106546E-4	-0.003453671	0.0	255	0	0	
1162	2	0.39505693	0.06909726	0.0	0	0	255	-2.1200131E-4	-0.004072173	0.0	255	0	0	
1163	2	0.39315298	0.08140012	0.0	0	0	255	-1.17726355E-4	-0.0046881163	0.0	255	0	0	
1164	2	0.39094803	0.093636155	0.0	0	0	255	-8.384993E-6	-0.0053008515	0.0	255	0	0	
1165	2	0.38844547	0.10579496	0.0	0	0	255	1.1585734E-4	-0.00590973	0.0	255	0	0	
1166	2	0.3856491	0.11786955	0.0	0	0	255	2.5481285E-4	-0.0065143546	0.0	255	0	0	
1167	2	0.3825635	0.1298507	0.0	0	0	255	4.0827377E-4	-0.007114356	0.0	255	0	0	
1168	2	0.3791937	0.14173159	0.0	0	0	255	5.760129E-4	-0.0077091856	0.0	255	0	0	
1169	2	0.37554142	0.15349902	0.0	0	0	255	7.577867E-4	-0.008298461	0.0	255	0	0	
1170	2	0.37160763	0.16515303	0.0	0	0	255	9.5333334E-4	-0.008882083	0.0	255	0	0	
1171	2	0.36740586	0.17667224	0.0	0	0	255	0.001162373	-0.009458929	0.0	255	0	0	
1172	2	0.36294416	0.18806012	0.0	0	0	255	0.0013846206	-0.010029302	0.0	255	0	0	
1173	2	0.35823163	0.19930772	0.0	0	0	255	0.0016197641	-0.010592508	0.0	255	0	0	
1174	2	0.35325125	0.21040717	0.0	0	0	255	0.0018674914	-0.011148598	0.0	255	0	0	
1175	2	0.34803334	0.22135262	0.0	0	0	255	0.0021274681	-0.011696477	0.0	255	0	0	
1176	2	0.34258354	0.23213871	0.0	0	0	255	0.0023993717	-0.012236569	0.0	255	0	0	
1177	2	0.33688876	0.24275693	0.0	0	0	255	0.002682846	-0.012768451	0.0	255	0	0	
1178	2	0.33098528	0.25321585	0.0	0	0	255	0.002977546	-0.01329177	0.0	255	0	0	
1179	2	0.3248489	0.26347753	0.0	0	0	255	0.0032831035	-0.013806232	0.0	255	0	0	
1180	2	0.31851134	0.2735612	0.0	0	0	255	0.00359916	-0.014311541	0.0	255	0	0	
1181	2	0.31197733	0.2834661	0.0	0	0	255	0.0039253403	-0.014807606	0.0	255	0	0	
1182	2	0.30523056	0.29319063	0.0	0	0	255	0.0042612823	-0.015294219	0.0	255	0	0	
1183	2	0.2983045	0.30270445	0.0	0	0	255	0.0046066516	-0.015771369	0.0	255	0	0	
1184	2	0.29120296	0.31202775	0.0	0	0	255	0.0049610664	-0.016238736	0.0	255	0	0	
1185	2	0.2839304	0.32116443	0.0	0	0	255	0.0053240997	-0.016696246	0.0	255	0	0	
1186	2	0.27649137	0.3300841	0.0	0	0	255	0.0056954534	-0.017143553	0.0	255	0	0	
1187	2	0.26888576	0.33880526	0.0	0	0	255	0.0060746744	-0.017580243	0.0	255	0	0	
1188	2	0.26113212	0.347334	0.0	0	0	255	0.0064615645	-0.018006712	0.0	255	0	0	
1189	2	0.2532345	0.3556338	0.0	0	0	255	0.0068556196	-0.01842295	0.0	255	0	0	
1190	2	0.24518096	0.36374152	0.0	0	0	255	0.007256493	-0.018828874	0.0	255	0	0	
1191	2	0.23701781	0.3716322	0.0	0	0	255	0.007663921	-0.01922445	0.0	255	0	0	
1192	2	0.2287236	0.37931275	0.0	0	0	255	0.008077369	-0.019609679	0.0	255	0	0	
1193	2	0.22032197	0.38679534	0.0	0	0	255	0.008496933	-0.019984558	0.0	255	0	0	
1194	2	0.21180153	0.39404678	0.0	0	0	255	0.0089219725	-0.02034909	0.0	255	0	0	
1195	2	0.20318583	0.40110502	0.0	0	0	255	0.009352079	-0.020702522	0.0	255	0	0	
1196	2	0.1944709	0.40793672	0.0	0	0	255	0.009786987	-0.021045323	0.0	255	0	0	
1197	2	0.18566075	0.4145659	0.0	0	0	255	0.010226385	-0.021377778	0.0	255	0	0	
1198	2	0.1767684	0.42098957	0.0	0	0	255	0.010669901	-0.021699883	0.0	255	0	0	
1199	2	0.16779855	0.4271916	0.0	0	0	255	0.011117046	-0.02201164	0.0	255	0	0	
1200	2	0.1587567	0.43320173	0.0	0	0	255	0.011568737	-0.022313049	0.0	255	0	0	
